//! # Arduino Modulino LED Matrix Example
//!
//! Controls the 12x8 LED Matrix on the Arduino Modulino LED Matrix module over I2C.
//!
//! ## Hardware
//!
//! - **Board:** Raspberry Pi Pico 2
//! - **Module:** Arduino Modulino LED Matrix
//!
//! ## Wiring with Qwiic/STEMMA QT
//!
//! Simply connect the Qwiic/STEMMA QT cable between the board and the Modulino LED Matrix.
//! The cable provides:
//! ```
//!      Modulino LED Matrix -> RPi Pico 2
//! (black)  GND -> GND
//! (red)    VCC -> 3.3V
//! (yellow) SCL -> GPIO5 (Pin 7) (I2C0 SCL)
//! (blue)   SDA -> GPIO4 (Pin 6) (I2C0 SDA)
//! ```
//!
//! ## Run
//!
//! ```bash
//! cargo run --example modulino_led_matrix_i2c
//! ```

#![no_std]
#![no_main]

use defmt_rtt as _;
use panic_probe as _;

use defmt::*;
use embedded_hal::digital::{InputPin, OutputPin};
use hal::I2C;
use hal::Sio;
use hal::Timer;
use hal::Watchdog;
use hal::clocks::init_clocks_and_plls;
use hal::fugit::RateExtU32;
use hal::gpio::{FunctionI2c, Pin};
use hal::pac;
use rp235x_hal as hal;

use embedded_hal::delay::DelayNs;
use embedded_hal::i2c::I2c;
use hal::block::ImageDef;

use modulino::{DisplayMode, LedMatrix};

/// Tell the Boot ROM about our application
#[unsafe(link_section = ".start_block")]
#[used]
pub static IMAGE_DEF: ImageDef = hal::block::ImageDef::secure_exe();

/// Linear Congruential Generator (LCG) for bare-metal pseudo-random numbers
struct Lcg {
    state: u32,
}

impl Lcg {
    fn new(seed: u32) -> Self {
        Self { state: seed }
    }

    fn next(&mut self) -> u32 {
        self.state = self.state.wrapping_mul(1664525).wrapping_add(1013904223);
        self.state
    }

    fn next_float(&mut self) -> f32 {
        (self.next() as f32) / (u32::MAX as f32)
    }

    fn next_range(&mut self, min: f32, max: f32) -> f32 {
        min + self.next_float() * (max - min)
    }
}

// 5x7 Character glyph representation for 12x8 marquee text.
// Each character is 5 columns wide. Each byte in the array is a column,
// where bits 0 to 6 represent rows 0 to 6.
const GLYPH_R: [u8; 5] = [0x7F, 0x09, 0x11, 0x21, 0x46];
const GLYPH_U: [u8; 5] = [0x3F, 0x40, 0x40, 0x40, 0x3F];
const GLYPH_S: [u8; 5] = [0x46, 0x49, 0x49, 0x49, 0x31];
const GLYPH_T: [u8; 5] = [0x01, 0x01, 0x7F, 0x01, 0x01];
const GLYPH_SPACE: [u8; 5] = [0x00, 0x00, 0x00, 0x00, 0x00];

#[hal::entry]
fn main() -> ! {
    let mut pac = pac::Peripherals::take().unwrap();
    let mut watchdog = Watchdog::new(pac.WATCHDOG);
    let sio = Sio::new(pac.SIO);

    let external_xtal_freq_hz = 12_000_000u32;
    let clocks = init_clocks_and_plls(
        external_xtal_freq_hz,
        pac.XOSC,
        pac.CLOCKS,
        pac.PLL_SYS,
        pac.PLL_USB,
        &mut pac.RESETS,
        &mut watchdog,
    )
    .ok()
    .unwrap();

    let mut timer = Timer::new_timer0(pac.TIMER0, &mut pac.RESETS, &clocks);

    let pins = hal::gpio::Pins::new(
        pac.IO_BANK0,
        pac.PADS_BANK0,
        sio.gpio_bank0,
        &mut pac.RESETS,
    );

    // Configure I2C0 SDA (GPIO4) and SCL (GPIO5) with internal pull-ups
    let mut sda_raw = pins.gpio4.into_pull_up_input();
    let mut scl_raw = pins.gpio5.into_pull_up_input();

    let is_sda_high = sda_raw.is_high().unwrap_or(true);
    let is_scl_high = scl_raw.is_high().unwrap_or(true);
    info!(
        "I2C0 initial state: SDA={}, SCL={}",
        is_sda_high, is_scl_high
    );

    // I2C Bus Recovery (NXP AN10216 procedure).
    // Always issue 9 SCL pulses unconditionally, regardless of whether SDA or SCL
    // appear stuck. If the slave (STM32) was mid-transaction from a previous run
    // and is holding SCL low (clock-stretching), the push-pull output will force
    // it high between the slave's hold windows, giving it enough clock edges to
    // complete the in-progress byte, release the bus, and return to idle.
    info!("Bus recovery: issuing 9 SCL pulses (NXP AN10216)...");
    let mut scl_out = scl_raw.into_push_pull_output();
    for _ in 0..9 {
        let _ = scl_out.set_low();
        // ~5 µs low half-period at 150 MHz (750 nops ≈ 5 µs)
        for _ in 0..750 {
            cortex_m::asm::nop();
        }
        let _ = scl_out.set_high();
        // ~5 µs high half-period
        for _ in 0..750 {
            cortex_m::asm::nop();
        }
    }
    scl_raw = scl_out.into_pull_up_input();
    // Let the bus settle after clocking
    timer.delay_ms(2);

    // Generate manual STOP condition: SCL high, SDA low→high
    let mut scl_out = scl_raw.into_push_pull_output();
    let mut sda_out = sda_raw.into_push_pull_output();

    let _ = sda_out.set_low();
    for _ in 0..750 {
        cortex_m::asm::nop();
    }
    let _ = scl_out.set_high();
    for _ in 0..750 {
        cortex_m::asm::nop();
    }
    let _ = sda_out.set_high(); // Rising SDA while SCL high = STOP
    for _ in 0..750 {
        cortex_m::asm::nop();
    }

    // Let the STM32 recognise and process the STOP before we start I2C
    timer.delay_ms(10);

    // Reconfigure to FunctionI2c
    let sda_pin: Pin<_, FunctionI2c, _> = sda_out.into_pull_up_input().reconfigure();
    let scl_pin: Pin<_, FunctionI2c, _> = scl_out.into_pull_up_input().reconfigure();

    let i2c = I2C::i2c0(
        pac.I2C0,
        sda_pin,
        scl_pin,
        100.kHz(),
        &mut pac.RESETS,
        &clocks.system_clock,
    );

    info!("Initializing Modulino LED Matrix via library driver...");

    // Create and initialize the matrix
    let mut matrix = LedMatrix::new(i2c);
    if let Err(e) = matrix.init() {
        error!(
            "Failed to initialize Modulino LED Matrix: {:?}",
            Debug2Format(&e)
        );
        loop {
            timer.delay_ms(1000);
        }
    }

    info!("Modulino LED Matrix successfully initialized!");

    // Helper for pseudo-random number generator
    let mut rng = Lcg::new(42);

    loop {
        // Animation 1: Larson Scanner (Cylon eye sweep)
        info!("Animation 1: Larson Scanner");
        larson_scanner(&mut matrix, &mut timer);

        // Animation 2: Sinusoidal Wave
        info!("Animation 2: Sinusoidal Wave");
        sine_wave(&mut matrix, &mut timer);

        // Animation 3: Digital Matrix Rain
        info!("Animation 3: Matrix Rain");
        matrix_rain(&mut matrix, &mut timer, &mut rng);

        // Animation 4: Breathing Smiley Face
        info!("Animation 4: Breathing Smiley Face");
        breathing_face(&mut matrix, &mut timer);

        // Animation 5: Horizontal Scrolling Marquee Text ("RUST")
        info!("Animation 5: Scrolling Marquee Text");
        scrolling_text(&mut matrix, &mut timer);

        // Animation 6: Sparkling Dissolve Rust Logo
        info!("Animation 6: Sparkling Dissolve Rust Logo");
        rust_logo_animation(&mut matrix, &mut timer, &mut rng);

        // Animation 7: Grayscale Flame Simulation
        info!("Animation 7: Grayscale Flame Simulation");
        grayscale_flame(&mut matrix, &mut timer, &mut rng);
    }
}

/// Sweeps a vertical bar back and forth across the 12 columns
fn larson_scanner<I2C, E>(matrix: &mut LedMatrix<I2C>, timer: &mut impl DelayNs)
where
    I2C: I2c<Error = E>,
{
    let mut head = 0i32;
    let mut direction = 1;

    for _ in 0..48 {
        let mut frame = [0u8; 12];

        // Draw a double-column vertical bar at the scanner head
        if (0..12).contains(&head) {
            frame[head as usize] = 0xFF;
        }
        if (0..12).contains(&(head + 1)) {
            frame[(head + 1) as usize] = 0xFF;
        }

        matrix.set_frame(&frame).ok();
        timer.delay_ms(60);

        head += direction;
        if head == 10 {
            direction = -1;
        } else if head == 0 {
            direction = 1;
        }
    }
}

/// Displays a smooth scrolling sinusoidal wave on the 12x8 grid
fn sine_wave<I2C, E>(matrix: &mut LedMatrix<I2C>, timer: &mut impl DelayNs)
where
    I2C: I2c<Error = E>,
{
    for step in 0..120 {
        let mut frame = [0u8; 12];

        for x in 0..12u8 {
            let x_factor = x as f32 * 0.6;
            let time_factor = step as f32 * 0.2;
            let wave_y = 3.5 + 3.0 * libm::sinf(x_factor - time_factor);

            // Turn on the row pixel nearest to the sine line
            let y = (wave_y + 0.5f32) as i32;
            if (0..8).contains(&y) {
                frame[x as usize] |= 1 << y;
            }
        }

        matrix.set_frame(&frame).ok();
        timer.delay_ms(40);
    }
}

/// Realistic falling digital rain droplets
fn matrix_rain<I2C, E>(matrix: &mut LedMatrix<I2C>, timer: &mut impl DelayNs, rng: &mut Lcg)
where
    I2C: I2c<Error = E>,
{
    let mut heads = [0.0f32; 12];
    let mut speeds = [0.0f32; 12];

    for i in 0..12 {
        heads[i] = rng.next_range(-6.0, 0.0);
        speeds[i] = rng.next_range(0.15, 0.4);
    }

    for _ in 0..180 {
        let mut frame = [0u8; 12];

        for x in 0..12u8 {
            let head_y = heads[x as usize];

            // Render a droplet tail (3 rows long)
            for y in 0..8u8 {
                let dist = head_y - y as f32;
                if (0.0..3.0).contains(&dist) {
                    frame[x as usize] |= 1 << y;
                }
            }

            // Advance the droplet
            heads[x as usize] += speeds[x as usize];

            // Reset when droplet fully leaves the bottom (row 8)
            if heads[x as usize] - 3.0 > 8.0 {
                heads[x as usize] = rng.next_range(-4.0, 0.0);
                speeds[x as usize] = rng.next_range(0.15, 0.4);
            }
        }

        matrix.set_frame(&frame).ok();
        timer.delay_ms(35);
    }
}

/// Smiley face that pulses/blinks
fn breathing_face<I2C, E>(matrix: &mut LedMatrix<I2C>, timer: &mut impl DelayNs)
where
    I2C: I2c<Error = E>,
{
    // 12x8 Smiley face template
    let smiley_frame = [
        0x00, // Col 0
        0x10, // Col 1: Smile start
        0x26, // Col 2: Left Eye + Smile curve
        0x40, // Col 3: Smile bottom
        0x40, // Col 4
        0x40, // Col 5
        0x40, // Col 6
        0x40, // Col 7
        0x40, // Col 8
        0x26, // Col 9: Right Eye + Smile curve
        0x10, // Col 10: Smile end
        0x00, // Col 11
    ];

    let empty_frame = [0u8; 12];

    // Blink the face 4 times
    for _ in 0..4 {
        matrix.set_frame(&smiley_frame).ok();
        timer.delay_ms(600);
        matrix.set_frame(&empty_frame).ok();
        timer.delay_ms(250);
    }
}

/// Scrolls "RUST" horizontally across the 12-column screen
fn scrolling_text<I2C, E>(matrix: &mut LedMatrix<I2C>, timer: &mut impl DelayNs)
where
    I2C: I2c<Error = E>,
{
    // The message is "RUST " (5 characters, each is 5 columns + 1 space = 6 columns per character)
    const MSG_LEN: usize = 5;
    let glyphs: [&[u8; 5]; MSG_LEN] = [&GLYPH_R, &GLYPH_U, &GLYPH_S, &GLYPH_T, &GLYPH_SPACE];

    // Build the marquee column buffer (5 * 6 = 30 columns)
    let mut marquee_buffer = [0u8; MSG_LEN * 6];
    let mut idx = 0;
    for glyph in glyphs.iter() {
        for col_val in glyph.iter() {
            marquee_buffer[idx] = *col_val;
            idx += 1;
        }
        marquee_buffer[idx] = 0x00; // 1-column spacing
        idx += 1;
    }

    let total_cols = marquee_buffer.len();

    // Scroll across the 12-column display screen (30 + 12 = 42 shifts)
    for shift in 0..(total_cols + 12) {
        let mut frame = [0u8; 12];

        for x in 0..12u8 {
            let col_index = (shift as i32) + (x as i32) - 12;
            if col_index >= 0 && col_index < total_cols as i32 {
                let glyph_col = marquee_buffer[col_index as usize];
                // Shift by 1 bit to vertically center the 7-row glyph inside the 8-row height
                frame[x as usize] = glyph_col << 1;
            }
        }

        matrix.set_frame(&frame).ok();
        timer.delay_ms(100);
    }
}

/// Displays a beautifully framed, high-fidelity capital "R" in the center of a
/// rectangular border with a sparkling dissolve reveal and dissolve erase sequence!
fn rust_logo_animation<I2C, E>(matrix: &mut LedMatrix<I2C>, timer: &mut impl DelayNs, rng: &mut Lcg)
where
    I2C: I2c<Error = E>,
{
    // To make the logo completely recognizable and beautiful on the 12x8 LED matrix,
    // we frame a slightly smaller bold capital 'R' inside a perfectly proportioned
    // rectangular border. To prevent it from looking like an 'A', the loop is thinned
    // on the right side (ends at Col 7) and the diagonal leg is kicked out (at Col 8).
    // This creates a highly clean, structured, and modern look with 100% legibility.
    let target_frame = [
        0xFF, // Col 0: Left border (Rows 0..7)
        0x81, // Col 1: Empty spacer + border top/bottom (Rows 0, 7)
        0x81, // Col 2: Empty spacer + border top/bottom (Rows 0, 7)
        0xBD, // Col 3: Thick 'R' stem left (Rows 2,3,4,5) + border top/bottom (Rows 0, 7)
        0xBD, // Col 4: Thick 'R' stem right (Rows 2,3,4,5) + border top/bottom (Rows 0, 7)
        0x95, // Col 5: 'R' loop top/middle (Rows 2, 4) + border top/bottom (Rows 0, 7)
        0x95, // Col 6: 'R' loop top/middle (Rows 2, 4) + border top/bottom (Rows 0, 7)
        0x9D, // Col 7: 'R' loop right side (Rows 2,3,4) + border top/bottom (Rows 0, 7)
        0xA1, // Col 8: 'R' sloped diagonal leg (Row 5) + border top/bottom (Rows 0, 7)
        0x81, // Col 9: Empty spacer + border top/bottom (Rows 0, 7)
        0x81, // Col 10: Empty spacer + border top/bottom (Rows 0, 7)
        0xFF, // Col 11: Right border (Rows 0..7)
    ];

    // 2. Collect all active pixel coordinates
    let mut coords = [(0u8, 0u8); 64];
    let mut count = 0;

    for x in 0..12u8 {
        for y in 0..8u8 {
            if (target_frame[x as usize] & (1 << y)) != 0 {
                coords[count] = (x, y);
                count += 1;
            }
        }
    }

    // 3. Shuffle the active pixel coordinates
    // Fisher-Yates shuffle
    for i in (1..count).rev() {
        let j = (rng.next() as usize) % (i + 1);
        coords.swap(i, j);
    }

    // 4. Sparkle/dissolve reveal
    let mut current_frame = [0u8; 12];
    matrix.set_frame(&current_frame).ok();

    for &(x, y) in coords.iter().take(count) {
        current_frame[x as usize] |= 1 << y;
        matrix.set_frame(&current_frame).ok();
        timer.delay_ms(30);
    }

    // Keep the full logo lit for 2.5 seconds
    timer.delay_ms(2500);

    // 5. Sparkle/dissolve erase
    // Let's shuffle again so the erase sequence is different from the reveal!
    for i in (1..count).rev() {
        let j = (rng.next() as usize) % (i + 1);
        coords.swap(i, j);
    }

    for &(x, y) in coords.iter().take(count) {
        current_frame[x as usize] &= !(1 << y);
        matrix.set_frame(&current_frame).ok();
        timer.delay_ms(25);
    }

    // Clear and delay at the end
    let empty = [0u8; 12];
    matrix.set_frame(&empty).ok();
    timer.delay_ms(500);
}

/// Plays the official high-fidelity C++ grayscale flame animation frames on the 12x8 matrix.
fn grayscale_flame<I2C, E>(matrix: &mut LedMatrix<I2C>, timer: &mut impl DelayNs, _rng: &mut Lcg)
where
    I2C: I2c<Error = E>,
    E: core::fmt::Debug,
{
    // Switch to Grayscale mode
    if let Err(e) = matrix.set_mode(DisplayMode::Grayscale) {
        error!("Failed to switch to grayscale mode: {:?}", Debug2Format(&e));
        return;
    }
    timer.delay_ms(10);

    // Loop through all 269 frames of the official animation
    for frame in FLAMES.iter() {
        if let Err(e) = matrix.set_frame(&frame[..48]) {
            error!("Failed to write grayscale frame: {:?}", Debug2Format(&e));
            break;
        }
        timer.delay_ms(45);
    }

    // Switch back to Monochromatic mode
    if let Err(e) = matrix.set_mode(DisplayMode::MonochromaticVertical) {
        error!(
            "Failed to switch to monochromatic mode: {:?}",
            Debug2Format(&e)
        );
    }
    timer.delay_ms(10);
}

// ----------------------------------------------------
// Official Grayscale Flame Frame Data (269 frames)
// ----------------------------------------------------
pub static FLAMES: [[u8; 52]; 269] = [
    [
        0x00, 0x00, 0x00, 0x00, 0x00, 0x00, 0x00, 0x02, 0x43, 0x20, 0x00, 0x00, 0x00, 0x02, 0x9e,
        0xfe, 0x82, 0x00, 0x00, 0x00, 0x27, 0xac, 0xdd, 0x60, 0x00, 0x01, 0x6c, 0xef, 0xc7, 0x20,
        0x00, 0x02, 0x46, 0x54, 0x10, 0x00, 0x00, 0x00, 0x00, 0x00, 0x00, 0x00, 0x00, 0x00, 0x00,
        0x00, 0x00, 0x00, 0x23, 0x00, 0x00, 0x00,
    ],
    [
        0x00, 0x00, 0x00, 0x00, 0x00, 0x00, 0x00, 0x12, 0x43, 0x20, 0x00, 0x00, 0x00, 0x02, 0x9e,
        0xfe, 0x82, 0x00, 0x00, 0x00, 0x27, 0xbc, 0xee, 0x60, 0x00, 0x01, 0x6c, 0xef, 0xc6, 0x10,
        0x00, 0x02, 0x45, 0x53, 0x10, 0x00, 0x00, 0x00, 0x00, 0x00, 0x00, 0x00, 0x00, 0x00, 0x00,
        0x00, 0x00, 0x00, 0x23, 0x00, 0x00, 0x00,
    ],
    [
        0x00, 0x00, 0x00, 0x00, 0x00, 0x00, 0x00, 0x12, 0x43, 0x20, 0x00, 0x00, 0x00, 0x03, 0x9e,
        0xfe, 0x82, 0x00, 0x00, 0x00, 0x27, 0xbc, 0xee, 0x60, 0x00, 0x01, 0x7d, 0xff, 0xb5, 0x10,
        0x00, 0x02, 0x45, 0x42, 0x00, 0x00, 0x00, 0x00, 0x00, 0x00, 0x00, 0x00, 0x00, 0x00, 0x00,
        0x00, 0x00, 0x00, 0x23, 0x00, 0x00, 0x00,
    ],
    [
        0x00, 0x00, 0x00, 0x00, 0x00, 0x00, 0x00, 0x13, 0x43, 0x20, 0x00, 0x00, 0x00, 0x03, 0x9e,
        0xfe, 0x82, 0x00, 0x00, 0x00, 0x28, 0xbd, 0xff, 0x60, 0x00, 0x01, 0x7d, 0xff, 0xa4, 0x10,
        0x00, 0x02, 0x44, 0x32, 0x00, 0x00, 0x00, 0x00, 0x00, 0x00, 0x00, 0x00, 0x00, 0x00, 0x00,
        0x00, 0x00, 0x00, 0x23, 0x00, 0x00, 0x00,
    ],
    [
        0x00, 0x00, 0x00, 0x00, 0x00, 0x00, 0x00, 0x13, 0x43, 0x20, 0x00, 0x00, 0x00, 0x03, 0xae,
        0xfe, 0x82, 0x00, 0x00, 0x00, 0x38, 0xcd, 0xff, 0x50, 0x00, 0x02, 0x8e, 0xfe, 0x93, 0x00,
        0x00, 0x02, 0x33, 0x21, 0x00, 0x00, 0x00, 0x00, 0x00, 0x00, 0x00, 0x00, 0x00, 0x00, 0x00,
        0x00, 0x00, 0x00, 0x23, 0x00, 0x00, 0x00,
    ],
    [
        0x00, 0x00, 0x00, 0x00, 0x00, 0x00, 0x00, 0x13, 0x43, 0x20, 0x00, 0x00, 0x00, 0x03, 0xae,
        0xfe, 0x72, 0x00, 0x00, 0x00, 0x39, 0xce, 0xff, 0x50, 0x00, 0x02, 0x8e, 0xfe, 0x82, 0x00,
        0x00, 0x02, 0x33, 0x21, 0x00, 0x00, 0x00, 0x00, 0x00, 0x00, 0x00, 0x00, 0x00, 0x00, 0x00,
        0x00, 0x00, 0x00, 0x23, 0x00, 0x00, 0x00,
    ],
    [
        0x00, 0x00, 0x00, 0x00, 0x00, 0x00, 0x00, 0x13, 0x43, 0x20, 0x00, 0x00, 0x00, 0x04, 0xbe,
        0xfd, 0x72, 0x00, 0x00, 0x00, 0x39, 0xdf, 0xfe, 0x40, 0x00, 0x02, 0x9e, 0xfd, 0x72, 0x00,
        0x00, 0x02, 0x33, 0x20, 0x00, 0x00, 0x00, 0x00, 0x00, 0x00, 0x00, 0x00, 0x00, 0x00, 0x00,
        0x00, 0x00, 0x00, 0x23, 0x00, 0x00, 0x00,
    ],
    [
        0x00, 0x00, 0x00, 0x00, 0x00, 0x00, 0x00, 0x13, 0x43, 0x10, 0x00, 0x00, 0x00, 0x14, 0xbf,
        0xfc, 0x62, 0x00, 0x00, 0x00, 0x4a, 0xdf, 0xfe, 0x30, 0x00, 0x02, 0x9e, 0xfd, 0x61, 0x00,
        0x00, 0x02, 0x43, 0x20, 0x00, 0x00, 0x00, 0x00, 0x00, 0x00, 0x00, 0x00, 0x00, 0x00, 0x00,
        0x00, 0x00, 0x00, 0x23, 0x00, 0x00, 0x00,
    ],
    [
        0x00, 0x00, 0x00, 0x00, 0x00, 0x00, 0x00, 0x13, 0x32, 0x10, 0x00, 0x00, 0x00, 0x15, 0xcf,
        0xfb, 0x51, 0x00, 0x00, 0x00, 0x4a, 0xdf, 0xfd, 0x20, 0x00, 0x02, 0x9e, 0xfd, 0x71, 0x00,
        0x00, 0x12, 0x44, 0x21, 0x00, 0x00, 0x00, 0x00, 0x00, 0x00, 0x00, 0x00, 0x00, 0x00, 0x00,
        0x00, 0x00, 0x00, 0x23, 0x00, 0x00, 0x00,
    ],
    [
        0x00, 0x00, 0x00, 0x00, 0x00, 0x00, 0x00, 0x12, 0x21, 0x00, 0x00, 0x00, 0x00, 0x16, 0xdf,
        0xf8, 0x30, 0x00, 0x00, 0x00, 0x4a, 0xef, 0xfc, 0x10, 0x00, 0x02, 0x9e, 0xff, 0x82, 0x00,
        0x00, 0x13, 0x66, 0x41, 0x00, 0x00, 0x00, 0x00, 0x00, 0x00, 0x00, 0x00, 0x00, 0x00, 0x00,
        0x00, 0x00, 0x00, 0x23, 0x00, 0x00, 0x00,
    ],
    [
        0x00, 0x00, 0x00, 0x00, 0x00, 0x00, 0x00, 0x12, 0x11, 0x00, 0x00, 0x00, 0x00, 0x16, 0xdf,
        0xc6, 0x10, 0x00, 0x00, 0x01, 0x5b, 0xef, 0xf9, 0x10, 0x00, 0x02, 0x8d, 0xef, 0xb4, 0x00,
        0x00, 0x14, 0x89, 0x62, 0x00, 0x00, 0x00, 0x00, 0x00, 0x00, 0x00, 0x00, 0x00, 0x00, 0x00,
        0x00, 0x00, 0x00, 0x23, 0x00, 0x00, 0x00,
    ],
    [
        0x00, 0x00, 0x00, 0x00, 0x00, 0x00, 0x00, 0x11, 0x10, 0x00, 0x00, 0x00, 0x00, 0x17, 0xde,
        0x93, 0x00, 0x00, 0x00, 0x01, 0x6c, 0xef, 0xc5, 0x00, 0x00, 0x01, 0x6c, 0xef, 0xe7, 0x00,
        0x00, 0x15, 0xad, 0xa5, 0x10, 0x00, 0x00, 0x00, 0x00, 0x00, 0x00, 0x00, 0x00, 0x00, 0x00,
        0x00, 0x00, 0x00, 0x23, 0x00, 0x00, 0x00,
    ],
    [
        0x00, 0x00, 0x00, 0x00, 0x00, 0x00, 0x00, 0x11, 0x00, 0x00, 0x00, 0x00, 0x00, 0x17, 0xdb,
        0x61, 0x00, 0x00, 0x00, 0x01, 0x7d, 0xfe, 0x82, 0x00, 0x00, 0x01, 0x5a, 0xdf, 0xf9, 0x00,
        0x00, 0x15, 0xcf, 0xe9, 0x30, 0x00, 0x00, 0x00, 0x11, 0x00, 0x00, 0x00, 0x00, 0x00, 0x00,
        0x00, 0x00, 0x00, 0x23, 0x00, 0x00, 0x00,
    ],
    [
        0x00, 0x00, 0x00, 0x00, 0x00, 0x00, 0x00, 0x00, 0x00, 0x00, 0x00, 0x00, 0x00, 0x27, 0xc9,
        0x31, 0x00, 0x00, 0x00, 0x01, 0x8d, 0xfd, 0x51, 0x00, 0x00, 0x00, 0x4a, 0xce, 0xf9, 0x00,
        0x00, 0x15, 0xcf, 0xfc, 0x61, 0x00, 0x00, 0x01, 0x22, 0x20, 0x00, 0x00, 0x00, 0x00, 0x00,
        0x00, 0x00, 0x00, 0x23, 0x00, 0x00, 0x00,
    ],
    [
        0x00, 0x00, 0x00, 0x00, 0x00, 0x00, 0x00, 0x00, 0x00, 0x00, 0x00, 0x00, 0x00, 0x28, 0xb7,
        0x20, 0x00, 0x00, 0x00, 0x01, 0x8e, 0xfb, 0x30, 0x00, 0x00, 0x00, 0x49, 0xcd, 0xf7, 0x00,
        0x00, 0x15, 0xbe, 0xfe, 0x93, 0x00, 0x00, 0x01, 0x34, 0x31, 0x00, 0x00, 0x00, 0x00, 0x00,
        0x00, 0x00, 0x00, 0x23, 0x00, 0x00, 0x00,
    ],
    [
        0x00, 0x00, 0x00, 0x00, 0x00, 0x00, 0x00, 0x00, 0x00, 0x00, 0x00, 0x00, 0x00, 0x28, 0xa6,
        0x10, 0x00, 0x00, 0x00, 0x02, 0x9e, 0xf9, 0x20, 0x00, 0x00, 0x00, 0x49, 0xcd, 0xd5, 0x00,
        0x00, 0x15, 0xbe, 0xfe, 0xb4, 0x00, 0x00, 0x01, 0x34, 0x42, 0x00, 0x00, 0x00, 0x00, 0x00,
        0x00, 0x00, 0x00, 0x23, 0x00, 0x00, 0x00,
    ],
    [
        0x00, 0x00, 0x00, 0x00, 0x00, 0x00, 0x00, 0x00, 0x00, 0x00, 0x00, 0x00, 0x00, 0x28, 0xa5,
        0x10, 0x00, 0x00, 0x00, 0x02, 0x9e, 0xf9, 0x20, 0x00, 0x00, 0x00, 0x4a, 0xce, 0xd4, 0x00,
        0x00, 0x14, 0xbe, 0xfe, 0xc5, 0x00, 0x00, 0x01, 0x24, 0x42, 0x10, 0x00, 0x00, 0x00, 0x00,
        0x00, 0x00, 0x00, 0x23, 0x00, 0x00, 0x00,
    ],
    [
        0x00, 0x00, 0x00, 0x00, 0x00, 0x00, 0x00, 0x00, 0x00, 0x00, 0x00, 0x00, 0x00, 0x38, 0xa5,
        0x10, 0x00, 0x00, 0x00, 0x02, 0x9e, 0xf9, 0x20, 0x00, 0x00, 0x01, 0x4a, 0xde, 0xe5, 0x00,
        0x00, 0x14, 0xbf, 0xfe, 0xb5, 0x00, 0x00, 0x00, 0x12, 0x32, 0x00, 0x00, 0x00, 0x00, 0x00,
        0x00, 0x00, 0x00, 0x23, 0x00, 0x00, 0x00,
    ],
    [
        0x00, 0x00, 0x00, 0x00, 0x00, 0x00, 0x00, 0x00, 0x00, 0x00, 0x00, 0x00, 0x00, 0x39, 0xa6,
        0x20, 0x00, 0x00, 0x00, 0x02, 0x9e, 0xfb, 0x30, 0x00, 0x00, 0x01, 0x5b, 0xdf, 0xf7, 0x00,
        0x00, 0x14, 0xbf, 0xfd, 0x93, 0x00, 0x00, 0x00, 0x11, 0x11, 0x00, 0x00, 0x00, 0x00, 0x00,
        0x00, 0x00, 0x00, 0x23, 0x00, 0x00, 0x00,
    ],
    [
        0x00, 0x00, 0x00, 0x00, 0x00, 0x00, 0x00, 0x10, 0x00, 0x00, 0x00, 0x00, 0x00, 0x39, 0xb7,
        0x20, 0x00, 0x00, 0x00, 0x02, 0x9e, 0xfc, 0x40, 0x00, 0x00, 0x01, 0x7c, 0xff, 0xf9, 0x00,
        0x00, 0x14, 0xae, 0xda, 0x52, 0x00, 0x00, 0x00, 0x00, 0x00, 0x00, 0x00, 0x00, 0x00, 0x00,
        0x00, 0x00, 0x00, 0x23, 0x00, 0x00, 0x00,
    ],
    [
        0x00, 0x00, 0x00, 0x00, 0x00, 0x00, 0x00, 0x10, 0x00, 0x00, 0x00, 0x00, 0x00, 0x39, 0xc8,
        0x31, 0x00, 0x00, 0x00, 0x02, 0x9e, 0xfe, 0x61, 0x00, 0x00, 0x02, 0x9e, 0xff, 0xf9, 0x00,
        0x00, 0x13, 0x89, 0x85, 0x20, 0x00, 0x00, 0x00, 0x00, 0x00, 0x00, 0x00, 0x00, 0x00, 0x00,
        0x00, 0x00, 0x00, 0x23, 0x00, 0x00, 0x00,
    ],
    [
        0x00, 0x00, 0x00, 0x00, 0x00, 0x00, 0x00, 0x11, 0x00, 0x00, 0x00, 0x00, 0x00, 0x3a, 0xda,
        0x41, 0x00, 0x00, 0x00, 0x02, 0x9e, 0xff, 0x82, 0x00, 0x00, 0x03, 0xbe, 0xff, 0xe7, 0x00,
        0x00, 0x13, 0x56, 0x42, 0x00, 0x00, 0x00, 0x00, 0x00, 0x00, 0x00, 0x00, 0x00, 0x00, 0x00,
        0x00, 0x00, 0x00, 0x23, 0x00, 0x00, 0x00,
    ],
    [
        0x00, 0x00, 0x00, 0x00, 0x00, 0x00, 0x00, 0x11, 0x00, 0x00, 0x00, 0x00, 0x00, 0x3a, 0xeb,
        0x51, 0x00, 0x00, 0x00, 0x02, 0x9e, 0xff, 0xa3, 0x00, 0x00, 0x04, 0xbf, 0xff, 0xb6, 0x00,
        0x00, 0x13, 0x55, 0x31, 0x00, 0x00, 0x00, 0x00, 0x00, 0x00, 0x00, 0x00, 0x00, 0x00, 0x00,
        0x00, 0x00, 0x00, 0x23, 0x00, 0x00, 0x00,
    ],
    [
        0x00, 0x00, 0x00, 0x00, 0x00, 0x00, 0x00, 0x11, 0x00, 0x00, 0x00, 0x00, 0x00, 0x39, 0xeb,
        0x51, 0x00, 0x00, 0x00, 0x02, 0x8e, 0xff, 0xa3, 0x00, 0x00, 0x03, 0xae, 0xff, 0xc6, 0x00,
        0x00, 0x14, 0x66, 0x42, 0x00, 0x00, 0x00, 0x00, 0x00, 0x00, 0x00, 0x00, 0x00, 0x00, 0x00,
        0x00, 0x00, 0x00, 0x23, 0x00, 0x00, 0x00,
    ],
    [
        0x00, 0x00, 0x00, 0x00, 0x00, 0x00, 0x00, 0x11, 0x00, 0x00, 0x00, 0x00, 0x00, 0x28, 0xd9,
        0x41, 0x00, 0x00, 0x00, 0x02, 0x8d, 0xff, 0x82, 0x00, 0x00, 0x02, 0x7d, 0xef, 0xf9, 0x10,
        0x00, 0x15, 0xad, 0xa5, 0x10, 0x00, 0x00, 0x00, 0x00, 0x00, 0x00, 0x00, 0x00, 0x00, 0x00,
        0x00, 0x00, 0x00, 0x23, 0x00, 0x00, 0x00,
    ],
    [
        0x00, 0x00, 0x00, 0x00, 0x00, 0x00, 0x00, 0x00, 0x00, 0x00, 0x00, 0x00, 0x00, 0x28, 0xa7,
        0x20, 0x00, 0x00, 0x00, 0x02, 0x9e, 0xfc, 0x40, 0x00, 0x00, 0x01, 0x5a, 0xce, 0xfb, 0x10,
        0x00, 0x16, 0xcf, 0xfc, 0x72, 0x00, 0x00, 0x01, 0x22, 0x20, 0x00, 0x00, 0x00, 0x00, 0x00,
        0x00, 0x00, 0x00, 0x23, 0x00, 0x00, 0x00,
    ],
    [
        0x00, 0x00, 0x00, 0x00, 0x00, 0x00, 0x00, 0x00, 0x00, 0x00, 0x00, 0x00, 0x00, 0x27, 0x94,
        0x10, 0x00, 0x00, 0x00, 0x02, 0x9e, 0xf8, 0x10, 0x00, 0x00, 0x00, 0x49, 0xcd, 0xc6, 0x10,
        0x00, 0x15, 0xbe, 0xee, 0xc8, 0x10, 0x00, 0x14, 0x78, 0x63, 0x10, 0x00, 0x00, 0x00, 0x00,
        0x00, 0x00, 0x00, 0x23, 0x00, 0x00, 0x00,
    ],
    [
        0x00, 0x00, 0x00, 0x00, 0x00, 0x00, 0x00, 0x00, 0x00, 0x00, 0x00, 0x00, 0x00, 0x27, 0x94,
        0x10, 0x00, 0x00, 0x00, 0x01, 0x9e, 0xf6, 0x10, 0x00, 0x00, 0x00, 0x49, 0xcd, 0xa3, 0x00,
        0x00, 0x13, 0x8c, 0xdd, 0xda, 0x10, 0x00, 0x26, 0xbc, 0xa6, 0x20, 0x00, 0x00, 0x00, 0x00,
        0x00, 0x00, 0x00, 0x23, 0x00, 0x00, 0x00,
    ],
    [
        0x00, 0x00, 0x00, 0x00, 0x00, 0x00, 0x00, 0x10, 0x00, 0x00, 0x00, 0x00, 0x00, 0x28, 0xa5,
        0x10, 0x00, 0x00, 0x00, 0x01, 0x9e, 0xf6, 0x10, 0x00, 0x00, 0x00, 0x49, 0xbd, 0x92, 0x00,
        0x00, 0x02, 0x7b, 0xcc, 0xd8, 0x00, 0x00, 0x38, 0xdd, 0xb7, 0x30, 0x00, 0x00, 0x00, 0x00,
        0x00, 0x00, 0x00, 0x23, 0x00, 0x00, 0x00,
    ],
    [
        0x00, 0x00, 0x00, 0x00, 0x00, 0x00, 0x00, 0x11, 0x00, 0x00, 0x00, 0x00, 0x00, 0x28, 0xd8,
        0x20, 0x00, 0x00, 0x00, 0x01, 0x8d, 0xf8, 0x10, 0x00, 0x00, 0x00, 0x49, 0xac, 0x91, 0x00,
        0x00, 0x02, 0x7b, 0xcc, 0xc4, 0x00, 0x01, 0x49, 0xdd, 0xb6, 0x20, 0x00, 0x00, 0x00, 0x00,
        0x00, 0x00, 0x00, 0x23, 0x00, 0x00, 0x00,
    ],
    [
        0x00, 0x00, 0x00, 0x00, 0x00, 0x00, 0x00, 0x22, 0x10, 0x00, 0x00, 0x00, 0x00, 0x29, 0xfc,
        0x40, 0x00, 0x00, 0x00, 0x01, 0x6d, 0xfa, 0x10, 0x00, 0x00, 0x00, 0x49, 0xab, 0xa1, 0x00,
        0x00, 0x03, 0x8b, 0xcc, 0x91, 0x00, 0x01, 0x49, 0xdc, 0x94, 0x10, 0x00, 0x00, 0x00, 0x00,
        0x00, 0x00, 0x00, 0x23, 0x00, 0x00, 0x00,
    ],
    [
        0x00, 0x00, 0x00, 0x00, 0x00, 0x00, 0x00, 0x24, 0x21, 0x00, 0x00, 0x00, 0x00, 0x18, 0xef,
        0x81, 0x00, 0x00, 0x00, 0x00, 0x6b, 0xec, 0x40, 0x00, 0x00, 0x00, 0x49, 0x9a, 0xa1, 0x00,
        0x00, 0x13, 0x9c, 0xdc, 0x60, 0x00, 0x01, 0x49, 0xba, 0x62, 0x00, 0x00, 0x00, 0x00, 0x00,
        0x00, 0x00, 0x00, 0x23, 0x00, 0x00, 0x00,
    ],
    [
        0x00, 0x00, 0x00, 0x00, 0x00, 0x00, 0x00, 0x35, 0x42, 0x00, 0x00, 0x00, 0x00, 0x17, 0xdf,
        0xc4, 0x00, 0x00, 0x00, 0x00, 0x5a, 0xcd, 0x70, 0x00, 0x00, 0x00, 0x49, 0xaa, 0xa1, 0x00,
        0x00, 0x14, 0xae, 0xea, 0x30, 0x00, 0x01, 0x37, 0x98, 0x40, 0x00, 0x00, 0x00, 0x00, 0x00,
        0x00, 0x00, 0x00, 0x23, 0x00, 0x00, 0x00,
    ],
    [
        0x00, 0x00, 0x00, 0x00, 0x00, 0x00, 0x01, 0x36, 0x63, 0x10, 0x00, 0x00, 0x00, 0x16, 0xdf,
        0xe7, 0x10, 0x00, 0x00, 0x00, 0x5a, 0xbc, 0xa1, 0x00, 0x00, 0x00, 0x59, 0xab, 0x91, 0x00,
        0x00, 0x16, 0xce, 0xe7, 0x10, 0x00, 0x00, 0x25, 0x64, 0x10, 0x00, 0x00, 0x00, 0x00, 0x00,
        0x00, 0x00, 0x00, 0x23, 0x00, 0x00, 0x00,
    ],
    [
        0x00, 0x00, 0x00, 0x00, 0x00, 0x00, 0x01, 0x37, 0x75, 0x20, 0x00, 0x00, 0x00, 0x16, 0xce,
        0xfa, 0x30, 0x00, 0x00, 0x00, 0x59, 0xab, 0xc3, 0x00, 0x00, 0x01, 0x6a, 0xcc, 0x71, 0x00,
        0x00, 0x28, 0xdf, 0xb4, 0x00, 0x00, 0x00, 0x12, 0x21, 0x00, 0x00, 0x00, 0x00, 0x00, 0x00,
        0x00, 0x00, 0x00, 0x23, 0x00, 0x00, 0x00,
    ],
    [
        0x00, 0x00, 0x00, 0x00, 0x00, 0x00, 0x01, 0x48, 0x97, 0x31, 0x00, 0x00, 0x00, 0x15, 0xce,
        0xfc, 0x61, 0x00, 0x00, 0x01, 0x59, 0xaa, 0xc4, 0x00, 0x00, 0x02, 0x7c, 0xec, 0x50, 0x00,
        0x00, 0x28, 0xcb, 0x61, 0x00, 0x00, 0x00, 0x00, 0x00, 0x00, 0x00, 0x00, 0x00, 0x00, 0x00,
        0x00, 0x00, 0x00, 0x23, 0x00, 0x00, 0x00,
    ],
    [
        0x00, 0x00, 0x00, 0x00, 0x00, 0x00, 0x01, 0x48, 0x98, 0x51, 0x00, 0x00, 0x00, 0x15, 0xce,
        0xed, 0x82, 0x00, 0x00, 0x01, 0x5a, 0xab, 0xc5, 0x00, 0x00, 0x03, 0xae, 0xfa, 0x30, 0x00,
        0x00, 0x26, 0x87, 0x30, 0x00, 0x00, 0x00, 0x00, 0x00, 0x00, 0x00, 0x00, 0x00, 0x00, 0x00,
        0x00, 0x00, 0x00, 0x23, 0x00, 0x00, 0x00,
    ],
    [
        0x00, 0x00, 0x00, 0x00, 0x00, 0x00, 0x01, 0x47, 0x87, 0x42, 0x00, 0x00, 0x00, 0x27, 0xce,
        0xfd, 0x94, 0x00, 0x00, 0x01, 0x6a, 0xbc, 0xc5, 0x00, 0x00, 0x04, 0xcf, 0xf8, 0x20, 0x00,
        0x00, 0x25, 0x64, 0x10, 0x00, 0x00, 0x00, 0x00, 0x00, 0x00, 0x00, 0x00, 0x00, 0x00, 0x00,
        0x00, 0x00, 0x00, 0x23, 0x00, 0x00, 0x00,
    ],
    [
        0x00, 0x00, 0x00, 0x00, 0x00, 0x00, 0x02, 0x45, 0x53, 0x20, 0x00, 0x00, 0x01, 0x4a, 0xef,
        0xfb, 0x73, 0x00, 0x00, 0x02, 0x7b, 0xde, 0xd5, 0x00, 0x00, 0x05, 0xcf, 0xf8, 0x20, 0x00,
        0x00, 0x26, 0x64, 0x10, 0x00, 0x00, 0x00, 0x00, 0x00, 0x00, 0x00, 0x00, 0x00, 0x00, 0x00,
        0x00, 0x00, 0x00, 0x23, 0x00, 0x00, 0x00,
    ],
    [
        0x00, 0x00, 0x00, 0x00, 0x00, 0x00, 0x12, 0x44, 0x21, 0x00, 0x00, 0x00, 0x01, 0x6c, 0xff,
        0xc6, 0x20, 0x00, 0x00, 0x02, 0x9d, 0xef, 0xe4, 0x00, 0x00, 0x04, 0xce, 0xfa, 0x30, 0x00,
        0x00, 0x38, 0xa7, 0x20, 0x00, 0x00, 0x00, 0x00, 0x00, 0x00, 0x00, 0x00, 0x00, 0x00, 0x00,
        0x00, 0x00, 0x00, 0x23, 0x00, 0x00, 0x00,
    ],
    [
        0x00, 0x00, 0x00, 0x00, 0x00, 0x00, 0x13, 0x65, 0x21, 0x00, 0x00, 0x00, 0x01, 0x5b, 0xff,
        0x93, 0x00, 0x00, 0x00, 0x02, 0x9d, 0xef, 0xb1, 0x00, 0x00, 0x03, 0xae, 0xfc, 0x50, 0x00,
        0x00, 0x3a, 0xdb, 0x51, 0x00, 0x00, 0x00, 0x00, 0x00, 0x00, 0x00, 0x00, 0x00, 0x00, 0x00,
        0x00, 0x00, 0x00, 0x23, 0x00, 0x00, 0x00,
    ],
    [
        0x00, 0x00, 0x00, 0x00, 0x00, 0x00, 0x13, 0x77, 0x41, 0x00, 0x00, 0x00, 0x00, 0x3b, 0xef,
        0xa3, 0x00, 0x00, 0x00, 0x02, 0x8c, 0xde, 0x80, 0x00, 0x00, 0x02, 0x9c, 0xed, 0x60, 0x00,
        0x01, 0x4b, 0xff, 0x82, 0x00, 0x00, 0x00, 0x12, 0x10, 0x00, 0x00, 0x00, 0x00, 0x00, 0x00,
        0x00, 0x00, 0x00, 0x23, 0x00, 0x00, 0x00,
    ],
    [
        0x00, 0x00, 0x00, 0x00, 0x00, 0x00, 0x03, 0x66, 0x31, 0x00, 0x00, 0x00, 0x00, 0x3a, 0xef,
        0x82, 0x00, 0x00, 0x00, 0x02, 0x8c, 0xdc, 0x50, 0x00, 0x00, 0x02, 0x8b, 0xbc, 0x80, 0x00,
        0x01, 0x4b, 0xef, 0xc4, 0x00, 0x00, 0x00, 0x24, 0x42, 0x00, 0x00, 0x00, 0x00, 0x00, 0x00,
        0x00, 0x00, 0x00, 0x23, 0x00, 0x00, 0x00,
    ],
    [
        0x00, 0x00, 0x00, 0x00, 0x00, 0x00, 0x02, 0x44, 0x20, 0x00, 0x00, 0x00, 0x00, 0x3b, 0xfd,
        0x61, 0x00, 0x00, 0x00, 0x02, 0x9d, 0xea, 0x30, 0x00, 0x00, 0x02, 0x8a, 0xab, 0xa1, 0x00,
        0x01, 0x4a, 0xdf, 0xe8, 0x20, 0x00, 0x01, 0x36, 0x75, 0x20, 0x00, 0x00, 0x00, 0x00, 0x00,
        0x00, 0x00, 0x00, 0x23, 0x00, 0x00, 0x00,
    ],
    [
        0x00, 0x00, 0x00, 0x00, 0x00, 0x00, 0x01, 0x22, 0x00, 0x00, 0x00, 0x00, 0x00, 0x4c, 0xfa,
        0x30, 0x00, 0x00, 0x00, 0x03, 0xad, 0xe8, 0x10, 0x00, 0x00, 0x02, 0x7a, 0x9a, 0xa1, 0x00,
        0x01, 0x38, 0xde, 0xda, 0x40, 0x00, 0x02, 0x59, 0xa8, 0x41, 0x00, 0x00, 0x00, 0x00, 0x00,
        0x00, 0x00, 0x00, 0x23, 0x00, 0x00, 0x00,
    ],
    [
        0x00, 0x00, 0x00, 0x00, 0x00, 0x00, 0x01, 0x10, 0x00, 0x00, 0x00, 0x00, 0x01, 0x4c, 0xb5,
        0x10, 0x00, 0x00, 0x00, 0x04, 0xce, 0xd4, 0x00, 0x00, 0x00, 0x02, 0x7a, 0xab, 0x71, 0x00,
        0x01, 0x26, 0xab, 0xba, 0x71, 0x00, 0x03, 0x8c, 0xec, 0x83, 0x00, 0x00, 0x00, 0x00, 0x00,
        0x00, 0x00, 0x00, 0x23, 0x00, 0x00, 0x00,
    ],
    [
        0x00, 0x00, 0x00, 0x00, 0x00, 0x00, 0x01, 0x10, 0x00, 0x00, 0x00, 0x00, 0x01, 0x5c, 0x93,
        0x00, 0x00, 0x00, 0x00, 0x05, 0xdf, 0xa2, 0x00, 0x00, 0x00, 0x02, 0x8a, 0xca, 0x30, 0x00,
        0x00, 0x15, 0x9a, 0xaa, 0x91, 0x00, 0x14, 0xae, 0xfe, 0xb6, 0x10, 0x00, 0x00, 0x01, 0x11,
        0x00, 0x00, 0x00, 0x23, 0x00, 0x00, 0x00,
    ],
    [
        0x00, 0x00, 0x00, 0x00, 0x00, 0x00, 0x01, 0x21, 0x00, 0x00, 0x00, 0x00, 0x01, 0x6e, 0xb3,
        0x00, 0x00, 0x00, 0x00, 0x04, 0xcf, 0xa1, 0x00, 0x00, 0x00, 0x02, 0x8a, 0xc9, 0x10, 0x00,
        0x00, 0x15, 0x9a, 0x9a, 0x70, 0x00, 0x14, 0xae, 0xfe, 0xb6, 0x20, 0x00, 0x00, 0x01, 0x21,
        0x00, 0x00, 0x00, 0x23, 0x00, 0x00, 0x00,
    ],
    [
        0x00, 0x00, 0x00, 0x00, 0x00, 0x00, 0x02, 0x42, 0x00, 0x00, 0x00, 0x00, 0x01, 0x5d, 0xf7,
        0x10, 0x00, 0x00, 0x00, 0x03, 0xbe, 0xd2, 0x00, 0x00, 0x00, 0x02, 0x8a, 0xba, 0x20, 0x00,
        0x00, 0x26, 0xab, 0xaa, 0x60, 0x00, 0x03, 0x8d, 0xed, 0x94, 0x10, 0x00, 0x00, 0x00, 0x10,
        0x00, 0x00, 0x00, 0x23, 0x00, 0x00, 0x00,
    ],
    [
        0x00, 0x00, 0x00, 0x00, 0x00, 0x00, 0x13, 0x65, 0x20, 0x00, 0x00, 0x00, 0x01, 0x4c, 0xfd,
        0x30, 0x00, 0x00, 0x00, 0x02, 0x9d, 0xe6, 0x00, 0x00, 0x00, 0x02, 0x8a, 0xab, 0x50, 0x00,
        0x01, 0x38, 0xde, 0xda, 0x30, 0x00, 0x02, 0x58, 0x97, 0x31, 0x00, 0x00, 0x00, 0x00, 0x00,
        0x00, 0x00, 0x00, 0x23, 0x00, 0x00, 0x00,
    ],
    [
        0x00, 0x00, 0x00, 0x00, 0x00, 0x00, 0x14, 0x78, 0x41, 0x00, 0x00, 0x00, 0x00, 0x3b, 0xef,
        0x91, 0x00, 0x00, 0x00, 0x02, 0x9c, 0xdb, 0x20, 0x00, 0x00, 0x02, 0x8b, 0xbc, 0x80, 0x00,
        0x01, 0x4b, 0xef, 0xb5, 0x10, 0x00, 0x01, 0x23, 0x32, 0x00, 0x00, 0x00, 0x00, 0x00, 0x00,
        0x00, 0x00, 0x00, 0x23, 0x00, 0x00, 0x00,
    ],
    [
        0x00, 0x00, 0x00, 0x00, 0x00, 0x00, 0x14, 0x8a, 0x62, 0x00, 0x00, 0x00, 0x00, 0x2a, 0xef,
        0xc3, 0x00, 0x00, 0x00, 0x02, 0x8b, 0xcd, 0x70, 0x00, 0x00, 0x03, 0xad, 0xeb, 0x50, 0x00,
        0x01, 0x5b, 0xec, 0x61, 0x00, 0x00, 0x00, 0x11, 0x10, 0x00, 0x00, 0x00, 0x00, 0x00, 0x00,
        0x00, 0x00, 0x00, 0x23, 0x00, 0x00, 0x00,
    ],
    [
        0x00, 0x00, 0x00, 0x00, 0x00, 0x00, 0x14, 0x9b, 0x84, 0x10, 0x00, 0x00, 0x00, 0x29, 0xef,
        0xe6, 0x10, 0x00, 0x00, 0x02, 0x8b, 0xce, 0x90, 0x00, 0x00, 0x04, 0xce, 0xf9, 0x20, 0x00,
        0x01, 0x4a, 0xc8, 0x30, 0x00, 0x00, 0x00, 0x00, 0x00, 0x00, 0x00, 0x00, 0x00, 0x00, 0x00,
        0x00, 0x00, 0x00, 0x23, 0x00, 0x00, 0x00,
    ],
    [
        0x00, 0x00, 0x00, 0x00, 0x00, 0x00, 0x14, 0x9d, 0xa5, 0x10, 0x00, 0x00, 0x00, 0x28, 0xdf,
        0xf7, 0x10, 0x00, 0x00, 0x02, 0x8b, 0xcf, 0x90, 0x00, 0x00, 0x05, 0xcf, 0xf7, 0x10, 0x00,
        0x01, 0x5a, 0xb6, 0x20, 0x00, 0x00, 0x00, 0x00, 0x00, 0x00, 0x00, 0x00, 0x00, 0x00, 0x00,
        0x00, 0x00, 0x00, 0x23, 0x00, 0x00, 0x00,
    ],
    [
        0x00, 0x00, 0x00, 0x00, 0x00, 0x00, 0x14, 0x9d, 0xb6, 0x20, 0x00, 0x00, 0x00, 0x17, 0xdf,
        0xf8, 0x10, 0x00, 0x00, 0x02, 0x8b, 0xce, 0x70, 0x00, 0x00, 0x04, 0xbe, 0xf6, 0x00, 0x00,
        0x01, 0x5b, 0xd8, 0x20, 0x00, 0x00, 0x00, 0x01, 0x00, 0x00, 0x00, 0x00, 0x00, 0x00, 0x00,
        0x00, 0x00, 0x00, 0x23, 0x00, 0x00, 0x00,
    ],
    [
        0x00, 0x00, 0x00, 0x00, 0x00, 0x00, 0x14, 0x9d, 0xb5, 0x10, 0x00, 0x00, 0x00, 0x17, 0xdf,
        0xe6, 0x10, 0x00, 0x00, 0x02, 0x8b, 0xbd, 0x60, 0x00, 0x00, 0x03, 0xad, 0xe9, 0x10, 0x00,
        0x01, 0x5c, 0xfc, 0x40, 0x00, 0x00, 0x00, 0x12, 0x10, 0x00, 0x00, 0x00, 0x00, 0x00, 0x00,
        0x00, 0x00, 0x00, 0x23, 0x00, 0x00, 0x00,
    ],
    [
        0x00, 0x00, 0x00, 0x00, 0x00, 0x00, 0x03, 0x8b, 0x83, 0x00, 0x00, 0x00, 0x00, 0x17, 0xdf,
        0xd4, 0x00, 0x00, 0x00, 0x02, 0x8b, 0xbc, 0x50, 0x00, 0x00, 0x02, 0x9c, 0xdb, 0x30, 0x00,
        0x01, 0x5c, 0xff, 0x92, 0x00, 0x00, 0x00, 0x23, 0x31, 0x00, 0x00, 0x00, 0x00, 0x00, 0x00,
        0x00, 0x00, 0x00, 0x23, 0x00, 0x00, 0x00,
    ],
    [
        0x00, 0x00, 0x00, 0x00, 0x00, 0x00, 0x03, 0x7a, 0x62, 0x00, 0x00, 0x00, 0x00, 0x17, 0xef,
        0xa2, 0x00, 0x00, 0x00, 0x01, 0x8b, 0xdb, 0x30, 0x00, 0x00, 0x02, 0x8b, 0xbc, 0x60, 0x00,
        0x01, 0x5c, 0xef, 0xc4, 0x00, 0x00, 0x00, 0x24, 0x42, 0x00, 0x00, 0x00, 0x00, 0x00, 0x00,
        0x00, 0x00, 0x00, 0x23, 0x00, 0x00, 0x00,
    ],
    [
        0x00, 0x00, 0x00, 0x00, 0x00, 0x00, 0x02, 0x69, 0x51, 0x00, 0x00, 0x00, 0x00, 0x18, 0xef,
        0x81, 0x00, 0x00, 0x00, 0x01, 0x8c, 0xeb, 0x20, 0x00, 0x00, 0x02, 0x8b, 0xbc, 0x80, 0x00,
        0x01, 0x5c, 0xef, 0xd6, 0x10, 0x00, 0x00, 0x24, 0x43, 0x10, 0x00, 0x00, 0x00, 0x00, 0x00,
        0x00, 0x00, 0x00, 0x23, 0x00, 0x00, 0x00,
    ],
    [
        0x00, 0x00, 0x00, 0x00, 0x00, 0x00, 0x02, 0x67, 0x41, 0x00, 0x00, 0x00, 0x00, 0x18, 0xef,
        0x60, 0x00, 0x00, 0x00, 0x01, 0x8c, 0xea, 0x10, 0x00, 0x00, 0x02, 0x8b, 0xbc, 0x90, 0x00,
        0x01, 0x5c, 0xef, 0xe7, 0x20, 0x00, 0x00, 0x24, 0x43, 0x10, 0x00, 0x00, 0x00, 0x00, 0x00,
        0x00, 0x00, 0x00, 0x23, 0x00, 0x00, 0x00,
    ],
    [
        0x00, 0x00, 0x00, 0x00, 0x00, 0x00, 0x02, 0x67, 0x40, 0x00, 0x00, 0x00, 0x00, 0x18, 0xef,
        0x50, 0x00, 0x00, 0x00, 0x01, 0x8d, 0xe9, 0x10, 0x00, 0x00, 0x02, 0x8b, 0xbd, 0x90, 0x00,
        0x01, 0x5b, 0xef, 0xe8, 0x20, 0x00, 0x01, 0x25, 0x53, 0x10, 0x00, 0x00, 0x00, 0x00, 0x00,
        0x00, 0x00, 0x00, 0x23, 0x00, 0x00, 0x00,
    ],
    [
        0x00, 0x00, 0x00, 0x00, 0x00, 0x00, 0x02, 0x67, 0x30, 0x00, 0x00, 0x00, 0x00, 0x18, 0xef,
        0x40, 0x00, 0x00, 0x00, 0x01, 0x8d, 0xf8, 0x00, 0x00, 0x00, 0x02, 0x8b, 0xbd, 0x80, 0x00,
        0x01, 0x5b, 0xef, 0xe8, 0x20, 0x00, 0x01, 0x35, 0x54, 0x10, 0x00, 0x00, 0x00, 0x00, 0x00,
        0x00, 0x00, 0x00, 0x23, 0x00, 0x00, 0x00,
    ],
    [
        0x00, 0x00, 0x00, 0x00, 0x00, 0x00, 0x02, 0x68, 0x40, 0x00, 0x00, 0x00, 0x00, 0x17, 0xef,
        0x40, 0x00, 0x00, 0x00, 0x01, 0x8d, 0xf7, 0x00, 0x00, 0x00, 0x02, 0x8b, 0xbd, 0x60, 0x00,
        0x01, 0x5b, 0xef, 0xe8, 0x20, 0x00, 0x01, 0x36, 0x64, 0x10, 0x00, 0x00, 0x00, 0x00, 0x00,
        0x00, 0x00, 0x00, 0x23, 0x00, 0x00, 0x00,
    ],
    [
        0x00, 0x00, 0x00, 0x00, 0x00, 0x00, 0x02, 0x69, 0x51, 0x00, 0x00, 0x00, 0x00, 0x17, 0xef,
        0x50, 0x00, 0x00, 0x00, 0x01, 0x8c, 0xe8, 0x00, 0x00, 0x00, 0x02, 0x8b, 0xbd, 0x50, 0x00,
        0x01, 0x4b, 0xef, 0xe7, 0x10, 0x00, 0x01, 0x36, 0x53, 0x10, 0x00, 0x00, 0x00, 0x00, 0x00,
        0x00, 0x00, 0x00, 0x23, 0x00, 0x00, 0x00,
    ],
    [
        0x00, 0x00, 0x00, 0x00, 0x00, 0x00, 0x02, 0x7a, 0x71, 0x00, 0x00, 0x00, 0x00, 0x06, 0xdf,
        0x70, 0x00, 0x00, 0x00, 0x01, 0x7c, 0xe8, 0x00, 0x00, 0x00, 0x02, 0x8b, 0xbd, 0x40, 0x00,
        0x01, 0x4b, 0xef, 0xd6, 0x10, 0x00, 0x01, 0x35, 0x53, 0x10, 0x00, 0x00, 0x00, 0x00, 0x00,
        0x00, 0x00, 0x00, 0x23, 0x00, 0x00, 0x00,
    ],
    [
        0x00, 0x00, 0x00, 0x00, 0x00, 0x00, 0x02, 0x7c, 0x92, 0x00, 0x00, 0x00, 0x00, 0x05, 0xdf,
        0x91, 0x00, 0x00, 0x00, 0x01, 0x7b, 0xd9, 0x10, 0x00, 0x00, 0x02, 0x8b, 0xcd, 0x30, 0x00,
        0x01, 0x5b, 0xef, 0xc4, 0x00, 0x00, 0x01, 0x34, 0x42, 0x00, 0x00, 0x00, 0x00, 0x00, 0x00,
        0x00, 0x00, 0x00, 0x23, 0x00, 0x00, 0x00,
    ],
    [
        0x00, 0x10, 0x00, 0x00, 0x00, 0x00, 0x02, 0x8d, 0xb4, 0x00, 0x00, 0x00, 0x00, 0x04, 0xcf,
        0xc1, 0x00, 0x00, 0x00, 0x01, 0x7b, 0xcb, 0x10, 0x00, 0x00, 0x02, 0x8b, 0xcc, 0x20, 0x00,
        0x01, 0x5c, 0xff, 0xa2, 0x00, 0x00, 0x01, 0x24, 0x31, 0x00, 0x00, 0x00, 0x00, 0x00, 0x00,
        0x00, 0x00, 0x00, 0x23, 0x00, 0x00, 0x00,
    ],
    [
        0x00, 0x11, 0x00, 0x00, 0x00, 0x00, 0x02, 0x8d, 0xd6, 0x10, 0x00, 0x00, 0x00, 0x04, 0xbe,
        0xd3, 0x00, 0x00, 0x00, 0x01, 0x7a, 0xbb, 0x20, 0x00, 0x00, 0x02, 0x8c, 0xda, 0x10, 0x00,
        0x01, 0x4c, 0xfe, 0x81, 0x00, 0x00, 0x00, 0x23, 0x21, 0x00, 0x00, 0x00, 0x00, 0x00, 0x00,
        0x00, 0x00, 0x00, 0x23, 0x00, 0x00, 0x00,
    ],
    [
        0x00, 0x11, 0x00, 0x00, 0x00, 0x00, 0x02, 0x8e, 0xe8, 0x20, 0x00, 0x00, 0x00, 0x04, 0xbe,
        0xe5, 0x00, 0x00, 0x00, 0x01, 0x7a, 0xac, 0x20, 0x00, 0x00, 0x02, 0x9d, 0xe9, 0x10, 0x00,
        0x01, 0x4c, 0xfd, 0x61, 0x00, 0x00, 0x00, 0x12, 0x10, 0x00, 0x00, 0x00, 0x00, 0x00, 0x00,
        0x00, 0x00, 0x00, 0x23, 0x00, 0x00, 0x00,
    ],
    [
        0x00, 0x11, 0x00, 0x00, 0x00, 0x00, 0x02, 0x8e, 0xfa, 0x30, 0x00, 0x00, 0x00, 0x04, 0xae,
        0xe8, 0x00, 0x00, 0x00, 0x01, 0x7a, 0xac, 0x30, 0x00, 0x00, 0x02, 0x9d, 0xe8, 0x00, 0x00,
        0x01, 0x4b, 0xeb, 0x40, 0x00, 0x00, 0x00, 0x11, 0x10, 0x00, 0x00, 0x00, 0x00, 0x00, 0x00,
        0x00, 0x00, 0x00, 0x23, 0x00, 0x00, 0x00,
    ],
    [
        0x00, 0x11, 0x00, 0x00, 0x00, 0x00, 0x02, 0x8e, 0xfb, 0x40, 0x00, 0x00, 0x00, 0x03, 0xae,
        0xea, 0x10, 0x00, 0x00, 0x01, 0x7a, 0xbc, 0x40, 0x00, 0x00, 0x03, 0xae, 0xe6, 0x00, 0x00,
        0x01, 0x4a, 0xc8, 0x20, 0x00, 0x00, 0x00, 0x00, 0x00, 0x00, 0x00, 0x00, 0x00, 0x00, 0x00,
        0x00, 0x00, 0x00, 0x23, 0x00, 0x00, 0x00,
    ],
    [
        0x00, 0x11, 0x10, 0x00, 0x00, 0x00, 0x02, 0x8d, 0xfd, 0x61, 0x00, 0x00, 0x00, 0x03, 0xad,
        0xec, 0x30, 0x00, 0x00, 0x01, 0x7b, 0xcd, 0x40, 0x00, 0x00, 0x04, 0xcf, 0xd4, 0x00, 0x00,
        0x01, 0x49, 0x95, 0x10, 0x00, 0x00, 0x00, 0x00, 0x00, 0x00, 0x00, 0x00, 0x00, 0x00, 0x00,
        0x00, 0x00, 0x00, 0x23, 0x00, 0x00, 0x00,
    ],
    [
        0x01, 0x12, 0x10, 0x00, 0x00, 0x00, 0x02, 0x8d, 0xfe, 0x72, 0x00, 0x00, 0x00, 0x03, 0xad,
        0xed, 0x50, 0x00, 0x00, 0x01, 0x7b, 0xdd, 0x30, 0x00, 0x00, 0x06, 0xdf, 0xb2, 0x00, 0x00,
        0x01, 0x47, 0x62, 0x00, 0x00, 0x00, 0x00, 0x00, 0x00, 0x00, 0x00, 0x00, 0x00, 0x00, 0x00,
        0x00, 0x00, 0x00, 0x23, 0x00, 0x00, 0x00,
    ],
    [
        0x01, 0x22, 0x10, 0x00, 0x00, 0x00, 0x02, 0x8d, 0xff, 0x93, 0x00, 0x00, 0x00, 0x03, 0xad,
        0xef, 0x70, 0x00, 0x00, 0x01, 0x8d, 0xeb, 0x20, 0x00, 0x00, 0x17, 0xef, 0x71, 0x00, 0x00,
        0x00, 0x36, 0x41, 0x00, 0x00, 0x00, 0x00, 0x00, 0x00, 0x00, 0x00, 0x00, 0x00, 0x00, 0x00,
        0x00, 0x00, 0x00, 0x23, 0x00, 0x00, 0x00,
    ],
    [
        0x01, 0x33, 0x21, 0x00, 0x00, 0x00, 0x02, 0x7d, 0xff, 0xa3, 0x00, 0x00, 0x00, 0x03, 0xac,
        0xef, 0x60, 0x00, 0x00, 0x01, 0x9d, 0xf9, 0x10, 0x00, 0x00, 0x17, 0xff, 0x50, 0x00, 0x00,
        0x00, 0x36, 0x31, 0x00, 0x00, 0x00, 0x00, 0x00, 0x00, 0x00, 0x00, 0x00, 0x00, 0x00, 0x00,
        0x00, 0x00, 0x00, 0x23, 0x00, 0x00, 0x00,
    ],
    [
        0x01, 0x33, 0x21, 0x00, 0x00, 0x00, 0x02, 0x7d, 0xff, 0xa3, 0x00, 0x00, 0x00, 0x03, 0x9c,
        0xef, 0x50, 0x00, 0x00, 0x01, 0x8d, 0xf9, 0x10, 0x00, 0x00, 0x16, 0xef, 0x60, 0x00, 0x00,
        0x01, 0x48, 0x51, 0x00, 0x00, 0x00, 0x00, 0x00, 0x00, 0x00, 0x00, 0x00, 0x00, 0x00, 0x00,
        0x00, 0x00, 0x00, 0x23, 0x00, 0x00, 0x00,
    ],
    [
        0x00, 0x12, 0x10, 0x00, 0x00, 0x00, 0x01, 0x6d, 0xfe, 0x71, 0x00, 0x00, 0x00, 0x03, 0xad,
        0xee, 0x30, 0x00, 0x00, 0x01, 0x7b, 0xdc, 0x20, 0x00, 0x00, 0x04, 0xcf, 0xc2, 0x00, 0x00,
        0x01, 0x5b, 0xb4, 0x00, 0x00, 0x00, 0x00, 0x00, 0x00, 0x00, 0x00, 0x00, 0x00, 0x00, 0x00,
        0x00, 0x00, 0x00, 0x23, 0x00, 0x00, 0x00,
    ],
    [
        0x00, 0x00, 0x00, 0x00, 0x00, 0x00, 0x01, 0x5a, 0xa6, 0x20, 0x00, 0x00, 0x00, 0x04, 0xcf,
        0xf8, 0x10, 0x00, 0x00, 0x01, 0x7a, 0xbd, 0x70, 0x00, 0x00, 0x02, 0x9d, 0xe9, 0x10, 0x00,
        0x01, 0x4c, 0xfd, 0x40, 0x00, 0x00, 0x00, 0x22, 0x10, 0x00, 0x00, 0x00, 0x00, 0x00, 0x00,
        0x00, 0x00, 0x00, 0x23, 0x00, 0x00, 0x00,
    ],
    [
        0x00, 0x00, 0x00, 0x00, 0x00, 0x00, 0x00, 0x36, 0x41, 0x00, 0x00, 0x00, 0x00, 0x17, 0xef,
        0x92, 0x00, 0x00, 0x00, 0x01, 0x7c, 0xdd, 0x50, 0x00, 0x00, 0x01, 0x7b, 0xcd, 0x70, 0x00,
        0x01, 0x3a, 0xef, 0xc4, 0x00, 0x00, 0x01, 0x35, 0x42, 0x00, 0x00, 0x00, 0x00, 0x00, 0x00,
        0x00, 0x00, 0x00, 0x23, 0x00, 0x00, 0x00,
    ],
    [
        0x00, 0x00, 0x00, 0x00, 0x00, 0x00, 0x00, 0x23, 0x10, 0x00, 0x00, 0x00, 0x00, 0x19, 0xfc,
        0x30, 0x00, 0x00, 0x00, 0x01, 0x8e, 0xf8, 0x10, 0x00, 0x00, 0x01, 0x7b, 0xbe, 0xa0, 0x00,
        0x01, 0x39, 0xdf, 0xf9, 0x20, 0x00, 0x01, 0x47, 0x74, 0x10, 0x00, 0x00, 0x00, 0x00, 0x00,
        0x00, 0x00, 0x00, 0x23, 0x00, 0x00, 0x00,
    ],
    [
        0x00, 0x00, 0x00, 0x00, 0x00, 0x00, 0x00, 0x22, 0x10, 0x00, 0x00, 0x00, 0x00, 0x19, 0xf9,
        0x10, 0x00, 0x00, 0x00, 0x01, 0x9e, 0xf5, 0x00, 0x00, 0x00, 0x01, 0x7b, 0xce, 0x60, 0x00,
        0x00, 0x28, 0xdf, 0xfb, 0x40, 0x00, 0x01, 0x59, 0x96, 0x30, 0x00, 0x00, 0x00, 0x00, 0x00,
        0x00, 0x00, 0x00, 0x23, 0x00, 0x00, 0x00,
    ],
    [
        0x00, 0x00, 0x00, 0x00, 0x00, 0x00, 0x00, 0x33, 0x10, 0x00, 0x00, 0x00, 0x00, 0x19, 0xf9,
        0x10, 0x00, 0x00, 0x00, 0x01, 0x9e, 0xf4, 0x00, 0x00, 0x00, 0x01, 0x7b, 0xce, 0x40, 0x00,
        0x00, 0x27, 0xdf, 0xfb, 0x30, 0x00, 0x01, 0x6a, 0xa7, 0x30, 0x00, 0x00, 0x00, 0x00, 0x00,
        0x00, 0x00, 0x00, 0x23, 0x00, 0x00, 0x00,
    ],
    [
        0x00, 0x00, 0x00, 0x00, 0x00, 0x00, 0x01, 0x35, 0x20, 0x00, 0x00, 0x00, 0x00, 0x19, 0xfd,
        0x30, 0x00, 0x00, 0x00, 0x01, 0x8d, 0xf6, 0x00, 0x00, 0x00, 0x01, 0x7b, 0xbe, 0x40, 0x00,
        0x00, 0x28, 0xdf, 0xfa, 0x20, 0x00, 0x01, 0x59, 0x96, 0x20, 0x00, 0x00, 0x00, 0x00, 0x00,
        0x00, 0x00, 0x00, 0x23, 0x00, 0x00, 0x00,
    ],
    [
        0x00, 0x00, 0x00, 0x00, 0x00, 0x00, 0x01, 0x47, 0x41, 0x00, 0x00, 0x00, 0x00, 0x17, 0xef,
        0x60, 0x00, 0x00, 0x00, 0x01, 0x7c, 0xe9, 0x00, 0x00, 0x00, 0x01, 0x7b, 0xbe, 0x50, 0x00,
        0x00, 0x39, 0xef, 0xe7, 0x10, 0x00, 0x01, 0x47, 0x64, 0x10, 0x00, 0x00, 0x00, 0x00, 0x00,
        0x00, 0x00, 0x00, 0x23, 0x00, 0x00, 0x00,
    ],
    [
        0x00, 0x00, 0x00, 0x00, 0x00, 0x00, 0x01, 0x5a, 0x83, 0x00, 0x00, 0x00, 0x00, 0x05, 0xdf,
        0xc2, 0x00, 0x00, 0x00, 0x01, 0x7b, 0xdc, 0x20, 0x00, 0x00, 0x01, 0x8b, 0xcd, 0x50, 0x00,
        0x00, 0x3a, 0xef, 0xb3, 0x00, 0x00, 0x01, 0x24, 0x31, 0x00, 0x00, 0x00, 0x00, 0x00, 0x00,
        0x00, 0x00, 0x00, 0x23, 0x00, 0x00, 0x00,
    ],
    [
        0x00, 0x00, 0x00, 0x00, 0x00, 0x00, 0x01, 0x5c, 0xc6, 0x10, 0x00, 0x00, 0x00, 0x04, 0xbe,
        0xf6, 0x00, 0x00, 0x00, 0x01, 0x6a, 0xbd, 0x70, 0x00, 0x00, 0x02, 0x9d, 0xeb, 0x20, 0x00,
        0x00, 0x3b, 0xfc, 0x51, 0x00, 0x00, 0x00, 0x11, 0x10, 0x00, 0x00, 0x00, 0x00, 0x00, 0x00,
        0x00, 0x00, 0x00, 0x23, 0x00, 0x00, 0x00,
    ],
    [
        0x00, 0x11, 0x00, 0x00, 0x00, 0x00, 0x01, 0x5d, 0xfb, 0x40, 0x00, 0x00, 0x00, 0x03, 0xae,
        0xfb, 0x20, 0x00, 0x00, 0x01, 0x6b, 0xbe, 0x80, 0x00, 0x00, 0x03, 0xae, 0xf7, 0x10, 0x00,
        0x00, 0x3a, 0xb7, 0x20, 0x00, 0x00, 0x00, 0x00, 0x00, 0x00, 0x00, 0x00, 0x00, 0x00, 0x00,
        0x00, 0x00, 0x00, 0x23, 0x00, 0x00, 0x00,
    ],
    [
        0x00, 0x11, 0x10, 0x00, 0x00, 0x00, 0x01, 0x5c, 0xfd, 0x61, 0x00, 0x00, 0x00, 0x02, 0x9e,
        0xed, 0x50, 0x00, 0x00, 0x01, 0x6b, 0xce, 0x60, 0x00, 0x00, 0x04, 0xcf, 0xd4, 0x00, 0x00,
        0x00, 0x39, 0x94, 0x10, 0x00, 0x00, 0x00, 0x00, 0x00, 0x00, 0x00, 0x00, 0x00, 0x00, 0x00,
        0x00, 0x00, 0x00, 0x23, 0x00, 0x00, 0x00,
    ],
    [
        0x00, 0x11, 0x10, 0x00, 0x00, 0x00, 0x01, 0x5c, 0xfe, 0x72, 0x00, 0x00, 0x00, 0x02, 0x9d,
        0xee, 0x60, 0x00, 0x00, 0x01, 0x6b, 0xdd, 0x60, 0x00, 0x00, 0x04, 0xcf, 0xd3, 0x00, 0x00,
        0x00, 0x38, 0x94, 0x00, 0x00, 0x00, 0x00, 0x00, 0x00, 0x00, 0x00, 0x00, 0x00, 0x00, 0x00,
        0x00, 0x00, 0x00, 0x23, 0x00, 0x00, 0x00,
    ],
    [
        0x00, 0x11, 0x10, 0x00, 0x00, 0x00, 0x01, 0x5c, 0xfd, 0x72, 0x00, 0x00, 0x00, 0x02, 0x9d,
        0xed, 0x60, 0x00, 0x00, 0x01, 0x6a, 0xcd, 0x70, 0x00, 0x00, 0x04, 0xbf, 0xe5, 0x00, 0x00,
        0x00, 0x39, 0x95, 0x10, 0x00, 0x00, 0x00, 0x00, 0x00, 0x00, 0x00, 0x00, 0x00, 0x00, 0x00,
        0x00, 0x00, 0x00, 0x23, 0x00, 0x00, 0x00,
    ],
    [
        0x00, 0x01, 0x00, 0x00, 0x00, 0x00, 0x01, 0x4c, 0xec, 0x51, 0x00, 0x00, 0x00, 0x02, 0x9e,
        0xec, 0x50, 0x00, 0x00, 0x01, 0x6a, 0xbd, 0x90, 0x00, 0x00, 0x03, 0xbe, 0xf7, 0x00, 0x00,
        0x00, 0x39, 0xb7, 0x20, 0x00, 0x00, 0x00, 0x00, 0x00, 0x00, 0x00, 0x00, 0x00, 0x00, 0x00,
        0x00, 0x00, 0x00, 0x23, 0x00, 0x00, 0x00,
    ],
    [
        0x00, 0x00, 0x00, 0x00, 0x00, 0x00, 0x01, 0x4a, 0xc9, 0x30, 0x00, 0x00, 0x00, 0x03, 0xae,
        0xfb, 0x30, 0x00, 0x00, 0x01, 0x6a, 0xbc, 0xb0, 0x00, 0x00, 0x02, 0x9e, 0xfa, 0x20, 0x00,
        0x00, 0x3a, 0xda, 0x40, 0x00, 0x00, 0x00, 0x00, 0x00, 0x00, 0x00, 0x00, 0x00, 0x00, 0x00,
        0x00, 0x00, 0x00, 0x23, 0x00, 0x00, 0x00,
    ],
    [
        0x00, 0x00, 0x00, 0x00, 0x00, 0x00, 0x00, 0x38, 0x85, 0x10, 0x00, 0x00, 0x00, 0x04, 0xcf,
        0xe7, 0x10, 0x00, 0x00, 0x00, 0x5a, 0xbc, 0xb1, 0x00, 0x00, 0x02, 0x7c, 0xed, 0x60, 0x00,
        0x00, 0x3a, 0xfe, 0x82, 0x00, 0x00, 0x00, 0x11, 0x10, 0x00, 0x00, 0x00, 0x00, 0x00, 0x00,
        0x00, 0x00, 0x00, 0x23, 0x00, 0x00, 0x00,
    ],
    [
        0x00, 0x00, 0x00, 0x00, 0x00, 0x00, 0x00, 0x25, 0x31, 0x00, 0x00, 0x00, 0x00, 0x16, 0xdf,
        0xa2, 0x00, 0x00, 0x00, 0x01, 0x6b, 0xdd, 0x60, 0x00, 0x00, 0x01, 0x7b, 0xcd, 0xc1, 0x00,
        0x00, 0x3a, 0xef, 0xd6, 0x10, 0x00, 0x00, 0x13, 0x32, 0x00, 0x00, 0x00, 0x00, 0x00, 0x00,
        0x00, 0x00, 0x00, 0x23, 0x00, 0x00, 0x00,
    ],
    [
        0x00, 0x00, 0x00, 0x00, 0x00, 0x00, 0x00, 0x22, 0x10, 0x00, 0x00, 0x00, 0x00, 0x18, 0xfc,
        0x40, 0x00, 0x00, 0x00, 0x01, 0x7d, 0xfa, 0x20, 0x00, 0x00, 0x01, 0x6a, 0xbd, 0xe2, 0x00,
        0x00, 0x28, 0xdf, 0xfa, 0x40, 0x00, 0x00, 0x25, 0x64, 0x10, 0x00, 0x00, 0x00, 0x00, 0x00,
        0x00, 0x00, 0x00, 0x23, 0x00, 0x00, 0x00,
    ],
    [
        0x00, 0x00, 0x00, 0x00, 0x00, 0x00, 0x00, 0x22, 0x00, 0x00, 0x00, 0x00, 0x00, 0x19, 0xe8,
        0x20, 0x00, 0x00, 0x00, 0x01, 0x8e, 0xf7, 0x00, 0x00, 0x00, 0x01, 0x6a, 0xbe, 0xb1, 0x00,
        0x00, 0x27, 0xde, 0xfc, 0x71, 0x00, 0x01, 0x37, 0x86, 0x31, 0x00, 0x00, 0x00, 0x00, 0x00,
        0x00, 0x00, 0x00, 0x23, 0x00, 0x00, 0x00,
    ],
    [
        0x00, 0x00, 0x00, 0x00, 0x00, 0x00, 0x00, 0x22, 0x00, 0x00, 0x00, 0x00, 0x00, 0x29, 0xe8,
        0x20, 0x00, 0x00, 0x00, 0x01, 0x8e, 0xf6, 0x00, 0x00, 0x00, 0x01, 0x6a, 0xbd, 0x90, 0x00,
        0x00, 0x16, 0xce, 0xfc, 0x81, 0x00, 0x00, 0x37, 0x97, 0x41, 0x00, 0x00, 0x00, 0x00, 0x00,
        0x00, 0x00, 0x00, 0x23, 0x00, 0x00, 0x00,
    ],
    [
        0x00, 0x00, 0x00, 0x00, 0x00, 0x00, 0x01, 0x23, 0x10, 0x00, 0x00, 0x00, 0x00, 0x29, 0xfb,
        0x30, 0x00, 0x00, 0x00, 0x01, 0x8d, 0xf8, 0x10, 0x00, 0x00, 0x01, 0x6a, 0xbd, 0xb1, 0x00,
        0x00, 0x16, 0xce, 0xfc, 0x60, 0x00, 0x00, 0x26, 0x76, 0x31, 0x00, 0x00, 0x00, 0x00, 0x00,
        0x00, 0x00, 0x00, 0x23, 0x00, 0x00, 0x00,
    ],
    [
        0x00, 0x00, 0x00, 0x00, 0x00, 0x00, 0x01, 0x33, 0x20, 0x00, 0x00, 0x00, 0x00, 0x29, 0xfe,
        0x51, 0x00, 0x00, 0x00, 0x01, 0x7d, 0xeb, 0x30, 0x00, 0x00, 0x01, 0x6a, 0xbd, 0xd1, 0x00,
        0x00, 0x27, 0xdf, 0xe9, 0x30, 0x00, 0x00, 0x13, 0x43, 0x10, 0x00, 0x00, 0x00, 0x00, 0x00,
        0x00, 0x00, 0x00, 0x23, 0x00, 0x00, 0x00,
    ],
    [
        0x00, 0x00, 0x00, 0x00, 0x00, 0x00, 0x01, 0x34, 0x20, 0x00, 0x00, 0x00, 0x00, 0x2a, 0xff,
        0x82, 0x00, 0x00, 0x00, 0x01, 0x7d, 0xee, 0x60, 0x00, 0x00, 0x01, 0x7c, 0xee, 0xc1, 0x00,
        0x00, 0x28, 0xef, 0xa4, 0x00, 0x00, 0x00, 0x01, 0x11, 0x00, 0x00, 0x00, 0x00, 0x00, 0x00,
        0x00, 0x00, 0x00, 0x23, 0x00, 0x00, 0x00,
    ],
    [
        0x00, 0x00, 0x00, 0x00, 0x00, 0x00, 0x01, 0x34, 0x21, 0x00, 0x00, 0x00, 0x00, 0x2a, 0xff,
        0x92, 0x00, 0x00, 0x00, 0x01, 0x7d, 0xef, 0xa1, 0x00, 0x00, 0x02, 0x9e, 0xfe, 0x81, 0x00,
        0x00, 0x27, 0xba, 0x51, 0x00, 0x00, 0x00, 0x00, 0x00, 0x00, 0x00, 0x00, 0x00, 0x00, 0x00,
        0x00, 0x00, 0x00, 0x23, 0x00, 0x00, 0x00,
    ],
    [
        0x00, 0x00, 0x00, 0x00, 0x00, 0x00, 0x01, 0x45, 0x31, 0x00, 0x00, 0x00, 0x00, 0x3a, 0xef,
        0xb4, 0x00, 0x00, 0x00, 0x01, 0x7d, 0xff, 0xd1, 0x00, 0x00, 0x03, 0xbf, 0xfb, 0x40, 0x00,
        0x00, 0x16, 0x86, 0x20, 0x00, 0x00, 0x00, 0x00, 0x00, 0x00, 0x00, 0x00, 0x00, 0x00, 0x00,
        0x00, 0x00, 0x00, 0x23, 0x00, 0x00, 0x00,
    ],
    [
        0x00, 0x00, 0x00, 0x00, 0x00, 0x00, 0x01, 0x56, 0x42, 0x00, 0x00, 0x00, 0x00, 0x29, 0xef,
        0xe6, 0x10, 0x00, 0x00, 0x01, 0x8d, 0xff, 0xe1, 0x00, 0x00, 0x05, 0xdf, 0xe6, 0x10, 0x00,
        0x00, 0x14, 0x53, 0x10, 0x00, 0x00, 0x00, 0x00, 0x00, 0x00, 0x00, 0x00, 0x00, 0x00, 0x00,
        0x00, 0x00, 0x00, 0x23, 0x00, 0x00, 0x00,
    ],
    [
        0x00, 0x00, 0x00, 0x00, 0x00, 0x00, 0x02, 0x58, 0x74, 0x10, 0x00, 0x00, 0x00, 0x28, 0xdf,
        0xfa, 0x30, 0x00, 0x00, 0x02, 0x8d, 0xff, 0xb0, 0x00, 0x00, 0x06, 0xef, 0xb3, 0x00, 0x00,
        0x00, 0x13, 0x31, 0x00, 0x00, 0x00, 0x00, 0x00, 0x00, 0x00, 0x00, 0x00, 0x00, 0x00, 0x00,
        0x00, 0x00, 0x00, 0x23, 0x00, 0x00, 0x00,
    ],
    [
        0x00, 0x00, 0x00, 0x00, 0x00, 0x00, 0x02, 0x6a, 0xb7, 0x30, 0x00, 0x00, 0x00, 0x16, 0xcf,
        0xfe, 0x70, 0x00, 0x00, 0x02, 0x8d, 0xff, 0x80, 0x00, 0x00, 0x16, 0xee, 0x82, 0x00, 0x00,
        0x00, 0x12, 0x10, 0x00, 0x00, 0x00, 0x00, 0x00, 0x00, 0x00, 0x00, 0x00, 0x00, 0x00, 0x00,
        0x00, 0x00, 0x00, 0x23, 0x00, 0x00, 0x00,
    ],
    [
        0x00, 0x00, 0x00, 0x00, 0x00, 0x00, 0x01, 0x5b, 0xec, 0x62, 0x00, 0x00, 0x00, 0x14, 0xae,
        0xff, 0xb1, 0x00, 0x00, 0x02, 0x8d, 0xfd, 0x60, 0x00, 0x00, 0x16, 0xdd, 0x61, 0x00, 0x00,
        0x00, 0x11, 0x10, 0x00, 0x00, 0x00, 0x00, 0x00, 0x00, 0x00, 0x00, 0x00, 0x00, 0x00, 0x00,
        0x00, 0x00, 0x00, 0x23, 0x00, 0x00, 0x00,
    ],
    [
        0x00, 0x00, 0x00, 0x00, 0x00, 0x00, 0x01, 0x4b, 0xfe, 0x93, 0x10, 0x00, 0x00, 0x03, 0x9d,
        0xef, 0xd2, 0x00, 0x00, 0x02, 0x8d, 0xed, 0x60, 0x00, 0x00, 0x17, 0xed, 0x71, 0x00, 0x00,
        0x00, 0x11, 0x10, 0x00, 0x00, 0x00, 0x00, 0x00, 0x00, 0x00, 0x00, 0x00, 0x00, 0x00, 0x00,
        0x00, 0x00, 0x00, 0x23, 0x00, 0x00, 0x00,
    ],
    [
        0x00, 0x00, 0x00, 0x00, 0x00, 0x00, 0x00, 0x39, 0xdc, 0x83, 0x00, 0x00, 0x00, 0x03, 0x9d,
        0xee, 0xc3, 0x00, 0x00, 0x01, 0x7c, 0xdd, 0x81, 0x00, 0x00, 0x17, 0xff, 0x93, 0x00, 0x00,
        0x00, 0x12, 0x21, 0x00, 0x00, 0x00, 0x00, 0x00, 0x00, 0x00, 0x00, 0x00, 0x00, 0x00, 0x00,
        0x00, 0x00, 0x00, 0x23, 0x00, 0x00, 0x00,
    ],
    [
        0x00, 0x00, 0x00, 0x00, 0x00, 0x00, 0x00, 0x26, 0xa8, 0x51, 0x00, 0x00, 0x00, 0x03, 0xbe,
        0xfd, 0x82, 0x00, 0x00, 0x01, 0x7b, 0xde, 0xc3, 0x00, 0x00, 0x17, 0xdf, 0xd5, 0x10, 0x00,
        0x00, 0x25, 0x42, 0x00, 0x00, 0x00, 0x00, 0x00, 0x00, 0x00, 0x00, 0x00, 0x00, 0x00, 0x00,
        0x00, 0x00, 0x00, 0x23, 0x00, 0x00, 0x00,
    ],
    [
        0x00, 0x00, 0x00, 0x00, 0x00, 0x00, 0x00, 0x15, 0x64, 0x10, 0x00, 0x00, 0x00, 0x05, 0xcf,
        0xf9, 0x20, 0x00, 0x00, 0x01, 0x7b, 0xdf, 0xe2, 0x00, 0x00, 0x16, 0xcf, 0xf9, 0x20, 0x00,
        0x01, 0x5a, 0x95, 0x10, 0x00, 0x00, 0x00, 0x00, 0x00, 0x00, 0x00, 0x00, 0x00, 0x00, 0x00,
        0x00, 0x00, 0x00, 0x23, 0x00, 0x00, 0x00,
    ],
    [
        0x00, 0x00, 0x00, 0x00, 0x00, 0x00, 0x00, 0x24, 0x31, 0x00, 0x00, 0x00, 0x00, 0x17, 0xef,
        0x92, 0x00, 0x00, 0x00, 0x01, 0x8c, 0xef, 0x60, 0x00, 0x00, 0x04, 0xbe, 0xfc, 0x40, 0x00,
        0x01, 0x7e, 0xfb, 0x41, 0x00, 0x00, 0x00, 0x11, 0x00, 0x00, 0x00, 0x00, 0x00, 0x00, 0x00,
        0x00, 0x00, 0x00, 0x23, 0x00, 0x00, 0x00,
    ],
    [
        0x00, 0x00, 0x00, 0x00, 0x00, 0x00, 0x00, 0x24, 0x20, 0x00, 0x00, 0x00, 0x00, 0x18, 0xfe,
        0x40, 0x00, 0x00, 0x00, 0x01, 0x9d, 0xf9, 0x00, 0x00, 0x00, 0x03, 0xad, 0xfe, 0x10, 0x00,
        0x01, 0x7d, 0xff, 0x71, 0x00, 0x00, 0x01, 0x33, 0x20, 0x00, 0x00, 0x00, 0x00, 0x00, 0x00,
        0x00, 0x00, 0x00, 0x23, 0x00, 0x00, 0x00,
    ],
    [
        0x00, 0x00, 0x00, 0x00, 0x00, 0x00, 0x00, 0x37, 0x51, 0x00, 0x00, 0x00, 0x00, 0x16, 0xef,
        0x70, 0x00, 0x00, 0x00, 0x01, 0x8c, 0xe9, 0x00, 0x00, 0x00, 0x03, 0xad, 0xeb, 0x10, 0x00,
        0x01, 0x6d, 0xfe, 0x61, 0x00, 0x00, 0x01, 0x23, 0x10, 0x00, 0x00, 0x00, 0x00, 0x00, 0x00,
        0x00, 0x00, 0x00, 0x23, 0x00, 0x00, 0x00,
    ],
    [
        0x00, 0x00, 0x00, 0x00, 0x00, 0x00, 0x00, 0x4b, 0xc8, 0x20, 0x00, 0x00, 0x00, 0x03, 0xbe,
        0xf6, 0x00, 0x00, 0x00, 0x01, 0x7b, 0xce, 0x30, 0x00, 0x00, 0x04, 0xcf, 0xe6, 0x00, 0x00,
        0x01, 0x5c, 0xb6, 0x20, 0x00, 0x00, 0x00, 0x00, 0x00, 0x00, 0x00, 0x00, 0x00, 0x00, 0x00,
        0x00, 0x00, 0x00, 0x23, 0x00, 0x00, 0x00,
    ],
    [
        0x00, 0x12, 0x21, 0x00, 0x00, 0x00, 0x00, 0x4b, 0xff, 0xa3, 0x00, 0x00, 0x00, 0x02, 0x8c,
        0xdf, 0x70, 0x00, 0x00, 0x01, 0x8d, 0xeb, 0x20, 0x00, 0x00, 0x17, 0xef, 0x61, 0x00, 0x00,
        0x00, 0x35, 0x31, 0x00, 0x00, 0x00, 0x00, 0x00, 0x00, 0x00, 0x00, 0x00, 0x00, 0x00, 0x00,
        0x00, 0x00, 0x00, 0x23, 0x00, 0x00, 0x00,
    ],
    [
        0x00, 0x25, 0x53, 0x10, 0x00, 0x00, 0x00, 0x39, 0xef, 0xea, 0x30, 0x00, 0x00, 0x01, 0x7b,
        0xdf, 0x80, 0x00, 0x00, 0x02, 0x9e, 0xe5, 0x00, 0x00, 0x00, 0x19, 0xd7, 0x10, 0x00, 0x00,
        0x00, 0x12, 0x00, 0x00, 0x00, 0x00, 0x00, 0x00, 0x00, 0x00, 0x00, 0x00, 0x00, 0x00, 0x00,
        0x00, 0x00, 0x00, 0x23, 0x00, 0x00, 0x00,
    ],
    [
        0x01, 0x37, 0x86, 0x31, 0x00, 0x00, 0x00, 0x26, 0xce, 0xfd, 0x70, 0x00, 0x00, 0x01, 0x7b,
        0xdd, 0x40, 0x00, 0x00, 0x02, 0xbf, 0xb2, 0x00, 0x00, 0x00, 0x29, 0xb4, 0x00, 0x00, 0x00,
        0x00, 0x11, 0x00, 0x00, 0x00, 0x00, 0x00, 0x00, 0x00, 0x00, 0x00, 0x00, 0x00, 0x00, 0x00,
        0x00, 0x00, 0x00, 0x23, 0x00, 0x00, 0x00,
    ],
    [
        0x01, 0x37, 0x87, 0x41, 0x00, 0x00, 0x00, 0x26, 0xbe, 0xed, 0x80, 0x00, 0x00, 0x01, 0x7b,
        0xcd, 0x40, 0x00, 0x00, 0x02, 0xaf, 0xc2, 0x00, 0x00, 0x00, 0x29, 0xc5, 0x00, 0x00, 0x00,
        0x00, 0x11, 0x00, 0x00, 0x00, 0x00, 0x00, 0x00, 0x00, 0x00, 0x00, 0x00, 0x00, 0x00, 0x00,
        0x00, 0x00, 0x00, 0x23, 0x00, 0x00, 0x00,
    ],
    [
        0x00, 0x24, 0x54, 0x20, 0x00, 0x00, 0x00, 0x28, 0xdf, 0xeb, 0x60, 0x00, 0x00, 0x01, 0x7b,
        0xcd, 0x70, 0x00, 0x00, 0x02, 0x9e, 0xf5, 0x00, 0x00, 0x00, 0x29, 0xe8, 0x20, 0x00, 0x00,
        0x00, 0x12, 0x10, 0x00, 0x00, 0x00, 0x00, 0x00, 0x00, 0x00, 0x00, 0x00, 0x00, 0x00, 0x00,
        0x00, 0x00, 0x00, 0x23, 0x00, 0x00, 0x00,
    ],
    [
        0x00, 0x01, 0x21, 0x00, 0x00, 0x00, 0x00, 0x29, 0xef, 0xd7, 0x20, 0x00, 0x00, 0x01, 0x7b,
        0xce, 0xc1, 0x00, 0x00, 0x01, 0x8d, 0xfb, 0x20, 0x00, 0x00, 0x19, 0xfd, 0x51, 0x00, 0x00,
        0x00, 0x23, 0x20, 0x00, 0x00, 0x00, 0x00, 0x00, 0x00, 0x00, 0x00, 0x00, 0x00, 0x00, 0x00,
        0x00, 0x00, 0x00, 0x23, 0x00, 0x00, 0x00,
    ],
    [
        0x00, 0x00, 0x00, 0x00, 0x00, 0x00, 0x00, 0x27, 0xcb, 0x72, 0x00, 0x00, 0x00, 0x02, 0x9d,
        0xee, 0xa1, 0x00, 0x00, 0x01, 0x7c, 0xee, 0x70, 0x00, 0x00, 0x18, 0xef, 0x92, 0x00, 0x00,
        0x00, 0x35, 0x31, 0x00, 0x00, 0x00, 0x00, 0x00, 0x00, 0x00, 0x00, 0x00, 0x00, 0x00, 0x00,
        0x00, 0x00, 0x00, 0x23, 0x00, 0x00, 0x00,
    ],
    [
        0x00, 0x00, 0x00, 0x00, 0x00, 0x00, 0x00, 0x16, 0x97, 0x30, 0x00, 0x00, 0x00, 0x03, 0xae,
        0xfb, 0x40, 0x00, 0x00, 0x01, 0x7c, 0xdf, 0xc1, 0x00, 0x00, 0x17, 0xdf, 0xd5, 0x00, 0x00,
        0x00, 0x37, 0x63, 0x00, 0x00, 0x00, 0x00, 0x00, 0x00, 0x00, 0x00, 0x00, 0x00, 0x00, 0x00,
        0x00, 0x00, 0x00, 0x23, 0x00, 0x00, 0x00,
    ],
    [
        0x00, 0x00, 0x00, 0x00, 0x00, 0x00, 0x00, 0x27, 0x96, 0x20, 0x00, 0x00, 0x00, 0x03, 0xbe,
        0xf9, 0x20, 0x00, 0x00, 0x01, 0x6b, 0xdf, 0xb0, 0x00, 0x00, 0x16, 0xcf, 0xf7, 0x10, 0x00,
        0x00, 0x38, 0x84, 0x10, 0x00, 0x00, 0x00, 0x00, 0x00, 0x00, 0x00, 0x00, 0x00, 0x00, 0x00,
        0x00, 0x00, 0x00, 0x23, 0x00, 0x00, 0x00,
    ],
    [
        0x00, 0x00, 0x00, 0x00, 0x00, 0x00, 0x00, 0x28, 0xb8, 0x30, 0x00, 0x00, 0x00, 0x02, 0x9e,
        0xfa, 0x20, 0x00, 0x00, 0x01, 0x6b, 0xdf, 0xa0, 0x00, 0x00, 0x15, 0xcf, 0xf6, 0x10, 0x00,
        0x00, 0x38, 0x84, 0x10, 0x00, 0x00, 0x00, 0x00, 0x00, 0x00, 0x00, 0x00, 0x00, 0x00, 0x00,
        0x00, 0x00, 0x00, 0x23, 0x00, 0x00, 0x00,
    ],
    [
        0x00, 0x00, 0x00, 0x00, 0x00, 0x00, 0x00, 0x28, 0xdb, 0x51, 0x00, 0x00, 0x00, 0x02, 0x8d,
        0xec, 0x30, 0x00, 0x00, 0x01, 0x6b, 0xde, 0x80, 0x00, 0x00, 0x16, 0xdf, 0xd4, 0x00, 0x00,
        0x00, 0x37, 0x63, 0x00, 0x00, 0x00, 0x00, 0x00, 0x00, 0x00, 0x00, 0x00, 0x00, 0x00, 0x00,
        0x00, 0x00, 0x00, 0x23, 0x00, 0x00, 0x00,
    ],
    [
        0x00, 0x01, 0x10, 0x00, 0x00, 0x00, 0x00, 0x28, 0xee, 0x93, 0x00, 0x00, 0x00, 0x01, 0x7c,
        0xde, 0x70, 0x00, 0x00, 0x01, 0x6b, 0xdd, 0x50, 0x00, 0x00, 0x16, 0xdf, 0xa2, 0x00, 0x00,
        0x00, 0x36, 0x52, 0x00, 0x00, 0x00, 0x00, 0x00, 0x00, 0x00, 0x00, 0x00, 0x00, 0x00, 0x00,
        0x00, 0x00, 0x00, 0x23, 0x00, 0x00, 0x00,
    ],
    [
        0x00, 0x01, 0x21, 0x00, 0x00, 0x00, 0x00, 0x28, 0xef, 0xd6, 0x10, 0x00, 0x00, 0x01, 0x6b,
        0xce, 0xb0, 0x00, 0x00, 0x01, 0x6c, 0xec, 0x30, 0x00, 0x00, 0x16, 0xef, 0x71, 0x00, 0x00,
        0x00, 0x25, 0x31, 0x00, 0x00, 0x00, 0x00, 0x00, 0x00, 0x00, 0x00, 0x00, 0x00, 0x00, 0x00,
        0x00, 0x00, 0x00, 0x23, 0x00, 0x00, 0x00,
    ],
    [
        0x00, 0x02, 0x32, 0x10, 0x00, 0x00, 0x00, 0x17, 0xdf, 0xe9, 0x30, 0x00, 0x00, 0x01, 0x6a,
        0xbd, 0xc1, 0x00, 0x00, 0x01, 0x6c, 0xeb, 0x20, 0x00, 0x00, 0x17, 0xee, 0x61, 0x00, 0x00,
        0x00, 0x24, 0x20, 0x00, 0x00, 0x00, 0x00, 0x00, 0x00, 0x00, 0x00, 0x00, 0x00, 0x00, 0x00,
        0x00, 0x00, 0x00, 0x23, 0x00, 0x00, 0x00,
    ],
    [
        0x00, 0x12, 0x33, 0x10, 0x00, 0x00, 0x00, 0x17, 0xdf, 0xfa, 0x40, 0x00, 0x00, 0x01, 0x5a,
        0xbd, 0xc1, 0x00, 0x00, 0x01, 0x7d, 0xfa, 0x10, 0x00, 0x00, 0x17, 0xfc, 0x40, 0x00, 0x00,
        0x00, 0x23, 0x20, 0x00, 0x00, 0x00, 0x00, 0x00, 0x00, 0x00, 0x00, 0x00, 0x00, 0x00, 0x00,
        0x00, 0x00, 0x00, 0x23, 0x00, 0x00, 0x00,
    ],
    [
        0x00, 0x13, 0x44, 0x20, 0x00, 0x00, 0x00, 0x16, 0xce, 0xfb, 0x60, 0x00, 0x00, 0x01, 0x5a,
        0xbd, 0xb1, 0x00, 0x00, 0x01, 0x7d, 0xf9, 0x10, 0x00, 0x00, 0x17, 0xeb, 0x40, 0x00, 0x00,
        0x00, 0x23, 0x10, 0x00, 0x00, 0x00, 0x00, 0x00, 0x00, 0x00, 0x00, 0x00, 0x00, 0x00, 0x00,
        0x00, 0x00, 0x00, 0x23, 0x00, 0x00, 0x00,
    ],
    [
        0x00, 0x13, 0x45, 0x31, 0x00, 0x00, 0x00, 0x16, 0xce, 0xfc, 0x71, 0x00, 0x00, 0x00, 0x5a,
        0xbd, 0xb1, 0x00, 0x00, 0x01, 0x7d, 0xf9, 0x10, 0x00, 0x00, 0x18, 0xeb, 0x30, 0x00, 0x00,
        0x00, 0x23, 0x10, 0x00, 0x00, 0x00, 0x00, 0x00, 0x00, 0x00, 0x00, 0x00, 0x00, 0x00, 0x00,
        0x00, 0x00, 0x00, 0x23, 0x00, 0x00, 0x00,
    ],
    [
        0x00, 0x12, 0x44, 0x20, 0x00, 0x00, 0x00, 0x16, 0xce, 0xeb, 0x60, 0x00, 0x00, 0x01, 0x5a,
        0xbd, 0xb1, 0x00, 0x00, 0x01, 0x7d, 0xf9, 0x10, 0x00, 0x00, 0x18, 0xfb, 0x40, 0x00, 0x00,
        0x00, 0x23, 0x10, 0x00, 0x00, 0x00, 0x00, 0x00, 0x00, 0x00, 0x00, 0x00, 0x00, 0x00, 0x00,
        0x00, 0x00, 0x00, 0x23, 0x00, 0x00, 0x00,
    ],
    [
        0x00, 0x12, 0x33, 0x20, 0x00, 0x00, 0x00, 0x16, 0xdf, 0xeb, 0x50, 0x00, 0x00, 0x01, 0x5a,
        0xbd, 0xc1, 0x00, 0x00, 0x01, 0x6c, 0xfa, 0x10, 0x00, 0x00, 0x18, 0xfd, 0x40, 0x00, 0x00,
        0x00, 0x34, 0x20, 0x00, 0x00, 0x00, 0x00, 0x00, 0x00, 0x00, 0x00, 0x00, 0x00, 0x00, 0x00,
        0x00, 0x00, 0x00, 0x23, 0x00, 0x00, 0x00,
    ],
    [
        0x00, 0x12, 0x33, 0x10, 0x00, 0x00, 0x00, 0x16, 0xdf, 0xea, 0x40, 0x00, 0x00, 0x01, 0x5a,
        0xbd, 0xc1, 0x00, 0x00, 0x01, 0x6c, 0xeb, 0x20, 0x00, 0x00, 0x17, 0xee, 0x50, 0x00, 0x00,
        0x00, 0x34, 0x20, 0x00, 0x00, 0x00, 0x00, 0x00, 0x00, 0x00, 0x00, 0x00, 0x00, 0x00, 0x00,
        0x00, 0x00, 0x00, 0x23, 0x00, 0x00, 0x00,
    ],
    [
        0x00, 0x12, 0x32, 0x10, 0x00, 0x00, 0x00, 0x17, 0xdf, 0xe9, 0x30, 0x00, 0x00, 0x01, 0x5a,
        0xbd, 0xd1, 0x00, 0x00, 0x01, 0x6c, 0xeb, 0x20, 0x00, 0x00, 0x17, 0xee, 0x61, 0x00, 0x00,
        0x00, 0x35, 0x31, 0x00, 0x00, 0x00, 0x00, 0x00, 0x00, 0x00, 0x00, 0x00, 0x00, 0x00, 0x00,
        0x00, 0x00, 0x00, 0x23, 0x00, 0x00, 0x00,
    ],
    [
        0x00, 0x01, 0x22, 0x10, 0x00, 0x00, 0x00, 0x17, 0xdf, 0xd8, 0x20, 0x00, 0x00, 0x01, 0x5a,
        0xbd, 0xd1, 0x00, 0x00, 0x00, 0x5c, 0xec, 0x30, 0x00, 0x00, 0x16, 0xdf, 0x71, 0x00, 0x00,
        0x00, 0x36, 0x41, 0x00, 0x00, 0x00, 0x00, 0x00, 0x00, 0x00, 0x00, 0x00, 0x00, 0x00, 0x00,
        0x00, 0x00, 0x00, 0x23, 0x00, 0x00, 0x00,
    ],
    [
        0x00, 0x01, 0x11, 0x00, 0x00, 0x00, 0x00, 0x17, 0xdf, 0xb6, 0x10, 0x00, 0x00, 0x01, 0x6b,
        0xcd, 0xc1, 0x00, 0x00, 0x00, 0x5b, 0xdd, 0x50, 0x00, 0x00, 0x05, 0xcf, 0xa2, 0x00, 0x00,
        0x00, 0x37, 0x52, 0x00, 0x00, 0x00, 0x00, 0x00, 0x00, 0x00, 0x00, 0x00, 0x00, 0x00, 0x00,
        0x00, 0x00, 0x00, 0x23, 0x00, 0x00, 0x00,
    ],
    [
        0x00, 0x00, 0x10, 0x00, 0x00, 0x00, 0x00, 0x17, 0xdd, 0x94, 0x00, 0x00, 0x00, 0x01, 0x6b,
        0xde, 0xb1, 0x00, 0x00, 0x00, 0x4a, 0xdd, 0x70, 0x00, 0x00, 0x04, 0xbf, 0xd4, 0x00, 0x00,
        0x00, 0x37, 0x73, 0x00, 0x00, 0x00, 0x00, 0x00, 0x00, 0x00, 0x00, 0x00, 0x00, 0x00, 0x00,
        0x00, 0x00, 0x00, 0x23, 0x00, 0x00, 0x00,
    ],
    [
        0x00, 0x00, 0x00, 0x00, 0x00, 0x00, 0x00, 0x17, 0xcb, 0x73, 0x00, 0x00, 0x00, 0x01, 0x7c,
        0xee, 0x91, 0x00, 0x00, 0x00, 0x4a, 0xcd, 0xa1, 0x00, 0x00, 0x03, 0xbf, 0xf6, 0x00, 0x00,
        0x00, 0x27, 0x84, 0x10, 0x00, 0x00, 0x00, 0x00, 0x00, 0x00, 0x00, 0x00, 0x00, 0x00, 0x00,
        0x00, 0x00, 0x00, 0x23, 0x00, 0x00, 0x00,
    ],
    [
        0x00, 0x00, 0x00, 0x00, 0x00, 0x00, 0x00, 0x17, 0xba, 0x62, 0x00, 0x00, 0x00, 0x01, 0x7d,
        0xed, 0x91, 0x00, 0x00, 0x00, 0x4a, 0xcd, 0xb1, 0x00, 0x00, 0x02, 0xae, 0xf7, 0x10, 0x00,
        0x00, 0x27, 0x95, 0x10, 0x00, 0x00, 0x00, 0x00, 0x00, 0x00, 0x00, 0x00, 0x00, 0x00, 0x00,
        0x00, 0x00, 0x00, 0x23, 0x00, 0x00, 0x00,
    ],
    [
        0x00, 0x00, 0x00, 0x00, 0x00, 0x00, 0x00, 0x27, 0xa9, 0x52, 0x00, 0x00, 0x00, 0x01, 0x8d,
        0xed, 0x92, 0x00, 0x00, 0x00, 0x49, 0xbd, 0xc2, 0x00, 0x00, 0x02, 0x9e, 0xf8, 0x10, 0x00,
        0x00, 0x26, 0x85, 0x10, 0x00, 0x00, 0x00, 0x00, 0x00, 0x00, 0x00, 0x00, 0x00, 0x00, 0x00,
        0x00, 0x00, 0x00, 0x23, 0x00, 0x00, 0x00,
    ],
    [
        0x00, 0x00, 0x00, 0x00, 0x00, 0x00, 0x00, 0x27, 0xa8, 0x51, 0x00, 0x00, 0x00, 0x02, 0x8e,
        0xed, 0x92, 0x00, 0x00, 0x00, 0x49, 0xbd, 0xd3, 0x00, 0x00, 0x02, 0x9e, 0xf9, 0x10, 0x00,
        0x00, 0x16, 0x86, 0x20, 0x00, 0x00, 0x00, 0x00, 0x00, 0x00, 0x00, 0x00, 0x00, 0x00, 0x00,
        0x00, 0x00, 0x00, 0x23, 0x00, 0x00, 0x00,
    ],
    [
        0x00, 0x00, 0x00, 0x00, 0x00, 0x00, 0x00, 0x27, 0x97, 0x31, 0x00, 0x00, 0x00, 0x02, 0x9e,
        0xfd, 0x72, 0x00, 0x00, 0x00, 0x49, 0xbd, 0xe4, 0x00, 0x00, 0x02, 0x9e, 0xfa, 0x20, 0x00,
        0x00, 0x16, 0x86, 0x20, 0x00, 0x00, 0x00, 0x00, 0x00, 0x00, 0x00, 0x00, 0x00, 0x00, 0x00,
        0x00, 0x00, 0x00, 0x23, 0x00, 0x00, 0x00,
    ],
    [
        0x00, 0x00, 0x00, 0x00, 0x00, 0x00, 0x00, 0x37, 0x85, 0x20, 0x00, 0x00, 0x00, 0x03, 0xae,
        0xfb, 0x51, 0x00, 0x00, 0x00, 0x49, 0xbd, 0xf5, 0x00, 0x00, 0x02, 0x8d, 0xfb, 0x30, 0x00,
        0x00, 0x16, 0xa8, 0x30, 0x00, 0x00, 0x00, 0x00, 0x00, 0x00, 0x00, 0x00, 0x00, 0x00, 0x00,
        0x00, 0x00, 0x00, 0x23, 0x00, 0x00, 0x00,
    ],
    [
        0x00, 0x00, 0x00, 0x00, 0x00, 0x00, 0x00, 0x37, 0x74, 0x10, 0x00, 0x00, 0x00, 0x04, 0xbf,
        0xf9, 0x20, 0x00, 0x00, 0x00, 0x4a, 0xbd, 0xf4, 0x00, 0x00, 0x01, 0x7d, 0xed, 0x50, 0x00,
        0x00, 0x16, 0xba, 0x51, 0x00, 0x00, 0x00, 0x00, 0x00, 0x00, 0x00, 0x00, 0x00, 0x00, 0x00,
        0x00, 0x00, 0x00, 0x23, 0x00, 0x00, 0x00,
    ],
    [
        0x00, 0x00, 0x00, 0x00, 0x00, 0x00, 0x00, 0x37, 0x73, 0x10, 0x00, 0x00, 0x00, 0x04, 0xbf,
        0xe7, 0x10, 0x00, 0x00, 0x00, 0x4a, 0xcd, 0xd3, 0x00, 0x00, 0x01, 0x7c, 0xed, 0x81, 0x00,
        0x00, 0x17, 0xcc, 0x72, 0x00, 0x00, 0x00, 0x00, 0x00, 0x00, 0x00, 0x00, 0x00, 0x00, 0x00,
        0x00, 0x00, 0x00, 0x23, 0x00, 0x00, 0x00,
    ],
    [
        0x00, 0x00, 0x00, 0x00, 0x00, 0x00, 0x00, 0x38, 0x73, 0x00, 0x00, 0x00, 0x00, 0x03, 0xbf,
        0xe6, 0x10, 0x00, 0x00, 0x00, 0x4a, 0xcd, 0xb2, 0x00, 0x00, 0x01, 0x6c, 0xdd, 0xa2, 0x00,
        0x00, 0x17, 0xcd, 0x93, 0x00, 0x00, 0x00, 0x00, 0x10, 0x00, 0x00, 0x00, 0x00, 0x00, 0x00,
        0x00, 0x00, 0x00, 0x23, 0x00, 0x00, 0x00,
    ],
    [
        0x00, 0x00, 0x00, 0x00, 0x00, 0x00, 0x00, 0x38, 0x84, 0x10, 0x00, 0x00, 0x00, 0x03, 0xae,
        0xe6, 0x10, 0x00, 0x00, 0x00, 0x49, 0xbd, 0xb2, 0x00, 0x00, 0x01, 0x6b, 0xed, 0xa2, 0x00,
        0x00, 0x16, 0xcd, 0xa4, 0x00, 0x00, 0x00, 0x00, 0x10, 0x00, 0x00, 0x00, 0x00, 0x00, 0x00,
        0x00, 0x00, 0x00, 0x23, 0x00, 0x00, 0x00,
    ],
    [
        0x00, 0x00, 0x00, 0x00, 0x00, 0x00, 0x00, 0x38, 0x95, 0x10, 0x00, 0x00, 0x00, 0x02, 0xae,
        0xf7, 0x10, 0x00, 0x00, 0x00, 0x49, 0xbd, 0xc2, 0x00, 0x00, 0x01, 0x6c, 0xed, 0xa2, 0x00,
        0x00, 0x16, 0xcd, 0x94, 0x00, 0x00, 0x00, 0x00, 0x00, 0x00, 0x00, 0x00, 0x00, 0x00, 0x00,
        0x00, 0x00, 0x00, 0x23, 0x00, 0x00, 0x00,
    ],
    [
        0x00, 0x00, 0x00, 0x00, 0x00, 0x00, 0x00, 0x39, 0xa6, 0x20, 0x00, 0x00, 0x00, 0x02, 0x9e,
        0xf9, 0x10, 0x00, 0x00, 0x00, 0x49, 0xbc, 0xc3, 0x00, 0x00, 0x01, 0x6c, 0xed, 0xa2, 0x00,
        0x00, 0x16, 0xcd, 0x93, 0x00, 0x00, 0x00, 0x00, 0x00, 0x00, 0x00, 0x00, 0x00, 0x00, 0x00,
        0x00, 0x00, 0x00, 0x23, 0x00, 0x00, 0x00,
    ],
    [
        0x00, 0x00, 0x00, 0x00, 0x00, 0x00, 0x00, 0x39, 0xb7, 0x20, 0x00, 0x00, 0x00, 0x02, 0x9e,
        0xfa, 0x20, 0x00, 0x00, 0x00, 0x49, 0xac, 0xc3, 0x00, 0x00, 0x01, 0x6c, 0xed, 0x92, 0x00,
        0x00, 0x16, 0xcc, 0x83, 0x00, 0x00, 0x00, 0x00, 0x00, 0x00, 0x00, 0x00, 0x00, 0x00, 0x00,
        0x00, 0x00, 0x00, 0x23, 0x00, 0x00, 0x00,
    ],
    [
        0x00, 0x00, 0x00, 0x00, 0x00, 0x00, 0x00, 0x39, 0xb8, 0x30, 0x00, 0x00, 0x00, 0x02, 0x8e,
        0xfa, 0x20, 0x00, 0x00, 0x00, 0x49, 0xab, 0xd3, 0x00, 0x00, 0x01, 0x6c, 0xed, 0x81, 0x00,
        0x00, 0x17, 0xcc, 0x83, 0x00, 0x00, 0x00, 0x00, 0x00, 0x00, 0x00, 0x00, 0x00, 0x00, 0x00,
        0x00, 0x00, 0x00, 0x23, 0x00, 0x00, 0x00,
    ],
    [
        0x00, 0x00, 0x00, 0x00, 0x00, 0x00, 0x00, 0x39, 0xc9, 0x30, 0x00, 0x00, 0x00, 0x02, 0x8e,
        0xfb, 0x30, 0x00, 0x00, 0x00, 0x49, 0xab, 0xd3, 0x00, 0x00, 0x01, 0x6c, 0xed, 0x81, 0x00,
        0x00, 0x17, 0xcc, 0x82, 0x00, 0x00, 0x00, 0x00, 0x00, 0x00, 0x00, 0x00, 0x00, 0x00, 0x00,
        0x00, 0x00, 0x00, 0x23, 0x00, 0x00, 0x00,
    ],
    [
        0x00, 0x00, 0x00, 0x00, 0x00, 0x00, 0x00, 0x39, 0xc9, 0x40, 0x00, 0x00, 0x00, 0x02, 0x8d,
        0xfb, 0x30, 0x00, 0x00, 0x00, 0x49, 0xab, 0xd3, 0x00, 0x00, 0x01, 0x7c, 0xed, 0x71, 0x00,
        0x00, 0x16, 0xbc, 0x72, 0x00, 0x00, 0x00, 0x00, 0x00, 0x00, 0x00, 0x00, 0x00, 0x00, 0x00,
        0x00, 0x00, 0x00, 0x23, 0x00, 0x00, 0x00,
    ],
    [
        0x00, 0x00, 0x00, 0x00, 0x00, 0x00, 0x00, 0x39, 0xda, 0x41, 0x00, 0x00, 0x00, 0x01, 0x7d,
        0xfc, 0x40, 0x00, 0x00, 0x00, 0x39, 0xab, 0xd4, 0x00, 0x00, 0x01, 0x7c, 0xed, 0x71, 0x00,
        0x00, 0x16, 0xbb, 0x72, 0x00, 0x00, 0x00, 0x00, 0x00, 0x00, 0x00, 0x00, 0x00, 0x00, 0x00,
        0x00, 0x00, 0x00, 0x23, 0x00, 0x00, 0x00,
    ],
    [
        0x00, 0x00, 0x00, 0x00, 0x00, 0x00, 0x00, 0x39, 0xdb, 0x51, 0x00, 0x00, 0x00, 0x01, 0x7d,
        0xec, 0x50, 0x00, 0x00, 0x00, 0x39, 0xab, 0xd4, 0x00, 0x00, 0x01, 0x7d, 0xed, 0x71, 0x00,
        0x00, 0x16, 0xbb, 0x72, 0x00, 0x00, 0x00, 0x00, 0x00, 0x00, 0x00, 0x00, 0x00, 0x00, 0x00,
        0x00, 0x00, 0x00, 0x23, 0x00, 0x00, 0x00,
    ],
    [
        0x00, 0x00, 0x00, 0x00, 0x00, 0x00, 0x00, 0x39, 0xcb, 0x61, 0x00, 0x00, 0x00, 0x01, 0x7d,
        0xed, 0x50, 0x00, 0x00, 0x00, 0x39, 0xaa, 0xd5, 0x00, 0x00, 0x01, 0x7d, 0xed, 0x71, 0x00,
        0x00, 0x16, 0xab, 0x72, 0x00, 0x00, 0x00, 0x00, 0x00, 0x00, 0x00, 0x00, 0x00, 0x00, 0x00,
        0x00, 0x00, 0x00, 0x23, 0x00, 0x00, 0x00,
    ],
    [
        0x00, 0x00, 0x00, 0x00, 0x00, 0x00, 0x00, 0x28, 0xcb, 0x61, 0x00, 0x00, 0x00, 0x01, 0x7d,
        0xed, 0x60, 0x00, 0x00, 0x00, 0x39, 0xaa, 0xd5, 0x00, 0x00, 0x01, 0x7d, 0xed, 0x71, 0x00,
        0x00, 0x16, 0xab, 0x72, 0x00, 0x00, 0x00, 0x00, 0x00, 0x00, 0x00, 0x00, 0x00, 0x00, 0x00,
        0x00, 0x00, 0x00, 0x23, 0x00, 0x00, 0x00,
    ],
    [
        0x00, 0x00, 0x00, 0x00, 0x00, 0x00, 0x00, 0x28, 0xba, 0x51, 0x00, 0x00, 0x00, 0x01, 0x7d,
        0xed, 0x60, 0x00, 0x00, 0x00, 0x38, 0xaa, 0xd6, 0x00, 0x00, 0x01, 0x7c, 0xed, 0x81, 0x00,
        0x00, 0x15, 0xab, 0x72, 0x00, 0x00, 0x00, 0x00, 0x00, 0x00, 0x00, 0x00, 0x00, 0x00, 0x00,
        0x00, 0x00, 0x00, 0x23, 0x00, 0x00, 0x00,
    ],
    [
        0x00, 0x00, 0x00, 0x00, 0x00, 0x00, 0x00, 0x27, 0xa9, 0x41, 0x00, 0x00, 0x00, 0x02, 0x7d,
        0xfd, 0x50, 0x00, 0x00, 0x00, 0x38, 0xaa, 0xc6, 0x00, 0x00, 0x01, 0x6c, 0xed, 0x92, 0x00,
        0x00, 0x15, 0xab, 0x83, 0x00, 0x00, 0x00, 0x00, 0x00, 0x00, 0x00, 0x00, 0x00, 0x00, 0x00,
        0x00, 0x00, 0x00, 0x23, 0x00, 0x00, 0x00,
    ],
    [
        0x00, 0x00, 0x00, 0x00, 0x00, 0x00, 0x00, 0x26, 0x98, 0x30, 0x00, 0x00, 0x00, 0x02, 0x8e,
        0xfc, 0x40, 0x00, 0x00, 0x00, 0x38, 0xab, 0xc7, 0x00, 0x00, 0x01, 0x6c, 0xee, 0xa3, 0x00,
        0x00, 0x15, 0xac, 0x94, 0x10, 0x00, 0x00, 0x00, 0x00, 0x00, 0x00, 0x00, 0x00, 0x00, 0x00,
        0x00, 0x00, 0x00, 0x23, 0x00, 0x00, 0x00,
    ],
    [
        0x00, 0x00, 0x00, 0x00, 0x00, 0x00, 0x00, 0x15, 0x86, 0x20, 0x00, 0x00, 0x00, 0x02, 0x8e,
        0xfb, 0x30, 0x00, 0x00, 0x00, 0x38, 0xab, 0xc6, 0x00, 0x00, 0x01, 0x6b, 0xdd, 0xb5, 0x00,
        0x00, 0x15, 0xbd, 0xb5, 0x10, 0x00, 0x00, 0x00, 0x00, 0x00, 0x00, 0x00, 0x00, 0x00, 0x00,
        0x00, 0x00, 0x00, 0x23, 0x00, 0x00, 0x00,
    ],
    [
        0x00, 0x00, 0x00, 0x00, 0x00, 0x00, 0x00, 0x15, 0x75, 0x20, 0x00, 0x00, 0x00, 0x02, 0x9e,
        0xfa, 0x20, 0x00, 0x00, 0x00, 0x38, 0xbc, 0xc6, 0x00, 0x00, 0x01, 0x5b, 0xdd, 0xc7, 0x00,
        0x00, 0x15, 0xbd, 0xb7, 0x20, 0x00, 0x00, 0x00, 0x00, 0x00, 0x00, 0x00, 0x00, 0x00, 0x00,
        0x00, 0x00, 0x00, 0x23, 0x00, 0x00, 0x00,
    ],
    [
        0x00, 0x00, 0x00, 0x00, 0x00, 0x00, 0x00, 0x14, 0x64, 0x10, 0x00, 0x00, 0x00, 0x02, 0xae,
        0xf8, 0x10, 0x00, 0x00, 0x00, 0x39, 0xbd, 0xc4, 0x00, 0x00, 0x01, 0x5a, 0xcd, 0xd8, 0x00,
        0x00, 0x15, 0xce, 0xd8, 0x30, 0x00, 0x00, 0x00, 0x11, 0x00, 0x00, 0x00, 0x00, 0x00, 0x00,
        0x00, 0x00, 0x00, 0x23, 0x00, 0x00, 0x00,
    ],
    [
        0x00, 0x00, 0x00, 0x00, 0x00, 0x00, 0x00, 0x14, 0x43, 0x00, 0x00, 0x00, 0x00, 0x03, 0xaf,
        0xe6, 0x10, 0x00, 0x00, 0x00, 0x39, 0xcd, 0xb3, 0x00, 0x00, 0x00, 0x4a, 0xcc, 0xd9, 0x10,
        0x00, 0x15, 0xcf, 0xe9, 0x40, 0x00, 0x00, 0x00, 0x11, 0x00, 0x00, 0x00, 0x00, 0x00, 0x00,
        0x00, 0x00, 0x00, 0x23, 0x00, 0x00, 0x00,
    ],
    [
        0x00, 0x00, 0x00, 0x00, 0x00, 0x00, 0x00, 0x13, 0x42, 0x00, 0x00, 0x00, 0x00, 0x03, 0xbf,
        0xd5, 0x00, 0x00, 0x00, 0x00, 0x39, 0xce, 0xa2, 0x00, 0x00, 0x00, 0x4a, 0xbc, 0xea, 0x00,
        0x00, 0x16, 0xcf, 0xfa, 0x41, 0x00, 0x00, 0x01, 0x11, 0x10, 0x00, 0x00, 0x00, 0x00, 0x00,
        0x00, 0x00, 0x00, 0x23, 0x00, 0x00, 0x00,
    ],
    [
        0x00, 0x00, 0x00, 0x00, 0x00, 0x00, 0x00, 0x13, 0x32, 0x00, 0x00, 0x00, 0x00, 0x04, 0xbf,
        0xc4, 0x00, 0x00, 0x00, 0x00, 0x39, 0xde, 0x91, 0x00, 0x00, 0x00, 0x49, 0xbc, 0xe9, 0x00,
        0x00, 0x16, 0xcf, 0xfb, 0x51, 0x00, 0x00, 0x01, 0x22, 0x10, 0x00, 0x00, 0x00, 0x00, 0x00,
        0x00, 0x00, 0x00, 0x23, 0x00, 0x00, 0x00,
    ],
    [
        0x00, 0x00, 0x00, 0x00, 0x00, 0x00, 0x00, 0x14, 0x41, 0x00, 0x00, 0x00, 0x00, 0x04, 0xcf,
        0xb3, 0x00, 0x00, 0x00, 0x00, 0x3a, 0xde, 0x81, 0x00, 0x00, 0x00, 0x49, 0xbc, 0xe8, 0x00,
        0x00, 0x16, 0xdf, 0xfb, 0x51, 0x00, 0x00, 0x01, 0x22, 0x10, 0x00, 0x00, 0x00, 0x00, 0x00,
        0x00, 0x00, 0x00, 0x23, 0x00, 0x00, 0x00,
    ],
    [
        0x00, 0x00, 0x00, 0x00, 0x00, 0x00, 0x00, 0x14, 0x42, 0x00, 0x00, 0x00, 0x00, 0x04, 0xcf,
        0xc4, 0x00, 0x00, 0x00, 0x00, 0x4a, 0xde, 0x81, 0x00, 0x00, 0x00, 0x49, 0xbb, 0xe7, 0x00,
        0x00, 0x16, 0xdf, 0xfa, 0x51, 0x00, 0x00, 0x02, 0x22, 0x10, 0x00, 0x00, 0x00, 0x00, 0x00,
        0x00, 0x00, 0x00, 0x23, 0x00, 0x00, 0x00,
    ],
    [
        0x00, 0x00, 0x00, 0x00, 0x00, 0x00, 0x00, 0x25, 0x53, 0x00, 0x00, 0x00, 0x00, 0x03, 0xbf,
        0xd5, 0x00, 0x00, 0x00, 0x00, 0x49, 0xcd, 0x91, 0x00, 0x00, 0x00, 0x5a, 0xbc, 0xd6, 0x00,
        0x00, 0x17, 0xdf, 0xe9, 0x30, 0x00, 0x00, 0x01, 0x22, 0x10, 0x00, 0x00, 0x00, 0x00, 0x00,
        0x00, 0x00, 0x00, 0x23, 0x00, 0x00, 0x00,
    ],
    [
        0x00, 0x00, 0x00, 0x00, 0x00, 0x00, 0x00, 0x26, 0x85, 0x10, 0x00, 0x00, 0x00, 0x03, 0xae,
        0xf8, 0x10, 0x00, 0x00, 0x00, 0x49, 0xbd, 0xb2, 0x00, 0x00, 0x01, 0x5b, 0xcd, 0xc4, 0x00,
        0x00, 0x17, 0xdf, 0xc6, 0x10, 0x00, 0x00, 0x01, 0x11, 0x00, 0x00, 0x00, 0x00, 0x00, 0x00,
        0x00, 0x00, 0x00, 0x23, 0x00, 0x00, 0x00,
    ],
    [
        0x00, 0x00, 0x00, 0x00, 0x00, 0x00, 0x00, 0x28, 0xb8, 0x30, 0x00, 0x00, 0x00, 0x02, 0x8e,
        0xfb, 0x30, 0x00, 0x00, 0x00, 0x49, 0xab, 0xd4, 0x00, 0x00, 0x01, 0x6c, 0xed, 0x91, 0x00,
        0x00, 0x27, 0xcd, 0x83, 0x00, 0x00, 0x00, 0x00, 0x00, 0x00, 0x00, 0x00, 0x00, 0x00, 0x00,
        0x00, 0x00, 0x00, 0x23, 0x00, 0x00, 0x00,
    ],
    [
        0x00, 0x00, 0x00, 0x00, 0x00, 0x00, 0x00, 0x29, 0xdc, 0x71, 0x00, 0x00, 0x00, 0x01, 0x7c,
        0xed, 0x61, 0x00, 0x00, 0x00, 0x49, 0xab, 0xd4, 0x00, 0x00, 0x02, 0x8d, 0xfc, 0x40, 0x00,
        0x00, 0x27, 0xa9, 0x41, 0x00, 0x00, 0x00, 0x00, 0x00, 0x00, 0x00, 0x00, 0x00, 0x00, 0x00,
        0x00, 0x00, 0x00, 0x23, 0x00, 0x00, 0x00,
    ],
    [
        0x00, 0x11, 0x11, 0x00, 0x00, 0x00, 0x00, 0x29, 0xef, 0xb4, 0x10, 0x00, 0x00, 0x01, 0x6b,
        0xdd, 0xb2, 0x00, 0x00, 0x00, 0x49, 0xbc, 0xb2, 0x00, 0x00, 0x03, 0xae, 0xf8, 0x10, 0x00,
        0x00, 0x26, 0x75, 0x10, 0x00, 0x00, 0x00, 0x00, 0x00, 0x00, 0x00, 0x00, 0x00, 0x00, 0x00,
        0x00, 0x00, 0x00, 0x23, 0x00, 0x00, 0x00,
    ],
    [
        0x00, 0x12, 0x32, 0x10, 0x00, 0x00, 0x00, 0x28, 0xdf, 0xe8, 0x20, 0x00, 0x00, 0x01, 0x5a,
        0xbc, 0xd4, 0x00, 0x00, 0x00, 0x4a, 0xcd, 0x81, 0x00, 0x00, 0x04, 0xbf, 0xd5, 0x00, 0x00,
        0x00, 0x25, 0x53, 0x00, 0x00, 0x00, 0x00, 0x00, 0x00, 0x00, 0x00, 0x00, 0x00, 0x00, 0x00,
        0x00, 0x00, 0x00, 0x23, 0x00, 0x00, 0x00,
    ],
    [
        0x00, 0x13, 0x44, 0x20, 0x00, 0x00, 0x00, 0x27, 0xde, 0xfb, 0x40, 0x00, 0x00, 0x00, 0x59,
        0xab, 0xd4, 0x00, 0x00, 0x00, 0x4a, 0xdd, 0x70, 0x00, 0x00, 0x04, 0xcf, 0xb3, 0x00, 0x00,
        0x00, 0x24, 0x42, 0x00, 0x00, 0x00, 0x00, 0x00, 0x00, 0x00, 0x00, 0x00, 0x00, 0x00, 0x00,
        0x00, 0x00, 0x00, 0x23, 0x00, 0x00, 0x00,
    ],
    [
        0x00, 0x13, 0x54, 0x20, 0x00, 0x00, 0x00, 0x16, 0xce, 0xfb, 0x51, 0x00, 0x00, 0x00, 0x49,
        0xab, 0xd5, 0x00, 0x00, 0x00, 0x4a, 0xdd, 0x60, 0x00, 0x00, 0x04, 0xcf, 0xb3, 0x00, 0x00,
        0x00, 0x24, 0x42, 0x00, 0x00, 0x00, 0x00, 0x00, 0x00, 0x00, 0x00, 0x00, 0x00, 0x00, 0x00,
        0x00, 0x00, 0x00, 0x23, 0x00, 0x00, 0x00,
    ],
    [
        0x00, 0x13, 0x44, 0x20, 0x00, 0x00, 0x00, 0x16, 0xce, 0xfb, 0x51, 0x00, 0x00, 0x00, 0x49,
        0xaa, 0xc5, 0x00, 0x00, 0x00, 0x4a, 0xdd, 0x81, 0x00, 0x00, 0x04, 0xcf, 0xc4, 0x00, 0x00,
        0x00, 0x24, 0x42, 0x00, 0x00, 0x00, 0x00, 0x00, 0x00, 0x00, 0x00, 0x00, 0x00, 0x00, 0x00,
        0x00, 0x00, 0x00, 0x23, 0x00, 0x00, 0x00,
    ],
    [
        0x00, 0x01, 0x22, 0x10, 0x00, 0x00, 0x00, 0x16, 0xdf, 0xe9, 0x30, 0x00, 0x00, 0x00, 0x49,
        0xbb, 0xc6, 0x00, 0x00, 0x00, 0x49, 0xcd, 0xa2, 0x00, 0x00, 0x04, 0xbf, 0xe7, 0x10, 0x00,
        0x00, 0x25, 0x53, 0x10, 0x00, 0x00, 0x00, 0x00, 0x00, 0x00, 0x00, 0x00, 0x00, 0x00, 0x00,
        0x00, 0x00, 0x00, 0x23, 0x00, 0x00, 0x00,
    ],
    [
        0x00, 0x01, 0x11, 0x00, 0x00, 0x00, 0x00, 0x16, 0xce, 0xc6, 0x10, 0x00, 0x00, 0x01, 0x5a,
        0xcd, 0xc5, 0x00, 0x00, 0x00, 0x39, 0xbc, 0xc6, 0x00, 0x00, 0x04, 0xbf, 0xf9, 0x30, 0x00,
        0x00, 0x25, 0x64, 0x10, 0x00, 0x00, 0x00, 0x00, 0x00, 0x00, 0x00, 0x00, 0x00, 0x00, 0x00,
        0x00, 0x00, 0x00, 0x23, 0x00, 0x00, 0x00,
    ],
    [
        0x00, 0x00, 0x00, 0x00, 0x00, 0x00, 0x00, 0x15, 0xab, 0x83, 0x00, 0x00, 0x00, 0x01, 0x6b,
        0xee, 0xa4, 0x00, 0x00, 0x00, 0x39, 0xbc, 0xda, 0x10, 0x00, 0x04, 0xbe, 0xfb, 0x40, 0x00,
        0x00, 0x25, 0x64, 0x20, 0x00, 0x00, 0x00, 0x00, 0x00, 0x00, 0x00, 0x00, 0x00, 0x00, 0x00,
        0x00, 0x00, 0x00, 0x23, 0x00, 0x00, 0x00,
    ],
    [
        0x00, 0x00, 0x00, 0x00, 0x00, 0x00, 0x00, 0x14, 0x78, 0x51, 0x00, 0x00, 0x00, 0x01, 0x7d,
        0xfe, 0x82, 0x00, 0x00, 0x00, 0x39, 0xbd, 0xfc, 0x20, 0x00, 0x03, 0xae, 0xfd, 0x61, 0x00,
        0x00, 0x25, 0x65, 0x20, 0x00, 0x00, 0x00, 0x00, 0x00, 0x00, 0x00, 0x00, 0x00, 0x00, 0x00,
        0x00, 0x00, 0x00, 0x23, 0x00, 0x00, 0x00,
    ],
    [
        0x00, 0x00, 0x00, 0x00, 0x00, 0x00, 0x00, 0x13, 0x66, 0x31, 0x00, 0x00, 0x00, 0x02, 0x8e,
        0xfd, 0x61, 0x00, 0x00, 0x00, 0x39, 0xbd, 0xfd, 0x20, 0x00, 0x03, 0xae, 0xfe, 0x72, 0x00,
        0x00, 0x25, 0x76, 0x31, 0x00, 0x00, 0x00, 0x00, 0x00, 0x00, 0x00, 0x00, 0x00, 0x00, 0x00,
        0x00, 0x00, 0x00, 0x23, 0x00, 0x00, 0x00,
    ],
    [
        0x00, 0x00, 0x00, 0x00, 0x00, 0x00, 0x00, 0x13, 0x65, 0x20, 0x00, 0x00, 0x00, 0x02, 0x9e,
        0xfc, 0x51, 0x00, 0x00, 0x00, 0x39, 0xbd, 0xfd, 0x20, 0x00, 0x03, 0x9d, 0xfe, 0x93, 0x00,
        0x00, 0x25, 0x87, 0x41, 0x00, 0x00, 0x00, 0x00, 0x00, 0x00, 0x00, 0x00, 0x00, 0x00, 0x00,
        0x00, 0x00, 0x00, 0x23, 0x00, 0x00, 0x00,
    ],
    [
        0x00, 0x00, 0x00, 0x00, 0x00, 0x00, 0x00, 0x14, 0x65, 0x20, 0x00, 0x00, 0x00, 0x02, 0x9e,
        0xfc, 0x51, 0x00, 0x00, 0x00, 0x39, 0xbd, 0xfc, 0x20, 0x00, 0x02, 0x9d, 0xfe, 0x94, 0x00,
        0x00, 0x26, 0x98, 0x52, 0x00, 0x00, 0x00, 0x00, 0x00, 0x00, 0x00, 0x00, 0x00, 0x00, 0x00,
        0x00, 0x00, 0x00, 0x23, 0x00, 0x00, 0x00,
    ],
    [
        0x00, 0x00, 0x00, 0x00, 0x00, 0x00, 0x00, 0x14, 0x65, 0x20, 0x00, 0x00, 0x00, 0x02, 0x9e,
        0xfc, 0x40, 0x00, 0x00, 0x00, 0x38, 0xbc, 0xeb, 0x20, 0x00, 0x02, 0x7d, 0xee, 0xa5, 0x10,
        0x00, 0x26, 0xaa, 0x73, 0x00, 0x00, 0x00, 0x00, 0x00, 0x00, 0x00, 0x00, 0x00, 0x00, 0x00,
        0x00, 0x00, 0x00, 0x23, 0x00, 0x00, 0x00,
    ],
    [
        0x00, 0x00, 0x00, 0x00, 0x00, 0x00, 0x00, 0x14, 0x65, 0x20, 0x00, 0x00, 0x00, 0x02, 0x8e,
        0xfb, 0x40, 0x00, 0x00, 0x00, 0x38, 0xac, 0xda, 0x10, 0x00, 0x01, 0x6c, 0xee, 0xb7, 0x10,
        0x00, 0x16, 0xbc, 0x94, 0x10, 0x00, 0x00, 0x00, 0x00, 0x00, 0x00, 0x00, 0x00, 0x00, 0x00,
        0x00, 0x00, 0x00, 0x23, 0x00, 0x00, 0x00,
    ],
    [
        0x00, 0x00, 0x00, 0x00, 0x00, 0x00, 0x00, 0x14, 0x76, 0x30, 0x00, 0x00, 0x00, 0x02, 0x8d,
        0xfc, 0x40, 0x00, 0x00, 0x00, 0x28, 0xab, 0xd9, 0x10, 0x00, 0x01, 0x5b, 0xde, 0xc7, 0x10,
        0x00, 0x16, 0xbd, 0xa5, 0x10, 0x00, 0x00, 0x00, 0x00, 0x00, 0x00, 0x00, 0x00, 0x00, 0x00,
        0x00, 0x00, 0x00, 0x23, 0x00, 0x00, 0x00,
    ],
    [
        0x00, 0x00, 0x00, 0x00, 0x00, 0x00, 0x00, 0x15, 0x87, 0x40, 0x00, 0x00, 0x00, 0x01, 0x7d,
        0xfc, 0x50, 0x00, 0x00, 0x00, 0x28, 0xab, 0xc9, 0x10, 0x00, 0x01, 0x5b, 0xdd, 0xb6, 0x10,
        0x00, 0x16, 0xbc, 0xa5, 0x10, 0x00, 0x00, 0x00, 0x00, 0x00, 0x00, 0x00, 0x00, 0x00, 0x00,
        0x00, 0x00, 0x00, 0x23, 0x00, 0x00, 0x00,
    ],
    [
        0x00, 0x00, 0x00, 0x00, 0x00, 0x00, 0x00, 0x15, 0x98, 0x51, 0x00, 0x00, 0x00, 0x01, 0x7d,
        0xed, 0x61, 0x00, 0x00, 0x00, 0x28, 0xaa, 0xca, 0x10, 0x00, 0x01, 0x5b, 0xde, 0xb5, 0x00,
        0x00, 0x15, 0xac, 0x94, 0x10, 0x00, 0x00, 0x00, 0x00, 0x00, 0x00, 0x00, 0x00, 0x00, 0x00,
        0x00, 0x00, 0x00, 0x23, 0x00, 0x00, 0x00,
    ],
    [
        0x00, 0x00, 0x00, 0x00, 0x00, 0x00, 0x00, 0x15, 0x99, 0x62, 0x00, 0x00, 0x00, 0x01, 0x6c,
        0xee, 0x81, 0x00, 0x00, 0x00, 0x27, 0xaa, 0xcb, 0x10, 0x00, 0x01, 0x6c, 0xee, 0xa4, 0x00,
        0x00, 0x15, 0xab, 0x84, 0x10, 0x00, 0x00, 0x00, 0x00, 0x00, 0x00, 0x00, 0x00, 0x00, 0x00,
        0x00, 0x00, 0x00, 0x23, 0x00, 0x00, 0x00,
    ],
    [
        0x00, 0x00, 0x00, 0x00, 0x00, 0x00, 0x00, 0x15, 0x9a, 0x62, 0x00, 0x00, 0x00, 0x01, 0x6c,
        0xee, 0x92, 0x00, 0x00, 0x00, 0x27, 0xaa, 0xbb, 0x20, 0x00, 0x01, 0x6c, 0xee, 0xa4, 0x00,
        0x00, 0x15, 0x9a, 0x73, 0x00, 0x00, 0x00, 0x00, 0x00, 0x00, 0x00, 0x00, 0x00, 0x00, 0x00,
        0x00, 0x00, 0x00, 0x23, 0x00, 0x00, 0x00,
    ],
    [
        0x00, 0x00, 0x00, 0x00, 0x00, 0x00, 0x00, 0x15, 0x9a, 0x72, 0x00, 0x00, 0x00, 0x01, 0x6c,
        0xee, 0x92, 0x00, 0x00, 0x00, 0x27, 0xaa, 0xbb, 0x20, 0x00, 0x01, 0x6c, 0xee, 0xa3, 0x00,
        0x00, 0x14, 0x99, 0x73, 0x00, 0x00, 0x00, 0x00, 0x00, 0x00, 0x00, 0x00, 0x00, 0x00, 0x00,
        0x00, 0x00, 0x00, 0x23, 0x00, 0x00, 0x00,
    ],
    [
        0x00, 0x00, 0x00, 0x00, 0x00, 0x00, 0x00, 0x15, 0x9a, 0x62, 0x00, 0x00, 0x00, 0x01, 0x6c,
        0xee, 0x92, 0x00, 0x00, 0x00, 0x27, 0xaa, 0xcb, 0x20, 0x00, 0x01, 0x6c, 0xee, 0xa3, 0x00,
        0x00, 0x14, 0x89, 0x63, 0x00, 0x00, 0x00, 0x00, 0x00, 0x00, 0x00, 0x00, 0x00, 0x00, 0x00,
        0x00, 0x00, 0x00, 0x23, 0x00, 0x00, 0x00,
    ],
    [
        0x00, 0x00, 0x00, 0x00, 0x00, 0x00, 0x00, 0x15, 0x9a, 0x62, 0x00, 0x00, 0x00, 0x01, 0x6c,
        0xee, 0x92, 0x00, 0x00, 0x00, 0x27, 0xaa, 0xcc, 0x20, 0x00, 0x01, 0x6c, 0xee, 0xa3, 0x00,
        0x00, 0x14, 0x89, 0x63, 0x00, 0x00, 0x00, 0x00, 0x00, 0x00, 0x00, 0x00, 0x00, 0x00, 0x00,
        0x00, 0x00, 0x00, 0x23, 0x00, 0x00, 0x00,
    ],
    [
        0x00, 0x00, 0x00, 0x00, 0x00, 0x00, 0x00, 0x15, 0x99, 0x62, 0x00, 0x00, 0x00, 0x01, 0x6c,
        0xee, 0x92, 0x00, 0x00, 0x00, 0x27, 0xaa, 0xcc, 0x20, 0x00, 0x01, 0x6c, 0xee, 0xa3, 0x00,
        0x00, 0x14, 0x89, 0x73, 0x00, 0x00, 0x00, 0x00, 0x00, 0x00, 0x00, 0x00, 0x00, 0x00, 0x00,
        0x00, 0x00, 0x00, 0x23, 0x00, 0x00, 0x00,
    ],
    [
        0x00, 0x00, 0x00, 0x00, 0x00, 0x00, 0x00, 0x15, 0x88, 0x51, 0x00, 0x00, 0x00, 0x01, 0x6d,
        0xee, 0x82, 0x00, 0x00, 0x00, 0x27, 0xaa, 0xcc, 0x20, 0x00, 0x01, 0x6c, 0xee, 0xb4, 0x00,
        0x00, 0x14, 0x9a, 0x73, 0x10, 0x00, 0x00, 0x00, 0x00, 0x00, 0x00, 0x00, 0x00, 0x00, 0x00,
        0x00, 0x00, 0x00, 0x23, 0x00, 0x00, 0x00,
    ],
    [
        0x00, 0x00, 0x00, 0x00, 0x00, 0x00, 0x00, 0x15, 0x88, 0x41, 0x00, 0x00, 0x00, 0x01, 0x7d,
        0xfe, 0x71, 0x00, 0x00, 0x00, 0x27, 0xaa, 0xcb, 0x20, 0x00, 0x01, 0x6c, 0xee, 0xb5, 0x10,
        0x00, 0x14, 0x9a, 0x84, 0x10, 0x00, 0x00, 0x00, 0x00, 0x00, 0x00, 0x00, 0x00, 0x00, 0x00,
        0x00, 0x00, 0x00, 0x23, 0x00, 0x00, 0x00,
    ],
    [
        0x00, 0x00, 0x00, 0x00, 0x00, 0x00, 0x00, 0x15, 0x87, 0x41, 0x00, 0x00, 0x00, 0x01, 0x7d,
        0xfd, 0x71, 0x00, 0x00, 0x00, 0x27, 0xaa, 0xcb, 0x20, 0x00, 0x01, 0x6c, 0xee, 0xb6, 0x10,
        0x00, 0x14, 0x9a, 0x84, 0x10, 0x00, 0x00, 0x00, 0x00, 0x00, 0x00, 0x00, 0x00, 0x00, 0x00,
        0x00, 0x00, 0x00, 0x23, 0x00, 0x00, 0x00,
    ],
    [
        0x00, 0x00, 0x00, 0x00, 0x00, 0x00, 0x00, 0x15, 0x87, 0x41, 0x00, 0x00, 0x00, 0x01, 0x7d,
        0xfd, 0x61, 0x00, 0x00, 0x00, 0x27, 0xab, 0xcb, 0x20, 0x00, 0x01, 0x6c, 0xee, 0xb6, 0x10,
        0x00, 0x14, 0x9a, 0x84, 0x10, 0x00, 0x00, 0x00, 0x00, 0x00, 0x00, 0x00, 0x00, 0x00, 0x00,
        0x00, 0x00, 0x00, 0x23, 0x00, 0x00, 0x00,
    ],
    [
        0x00, 0x00, 0x00, 0x00, 0x00, 0x00, 0x00, 0x15, 0x87, 0x41, 0x00, 0x00, 0x00, 0x01, 0x7d,
        0xfd, 0x61, 0x00, 0x00, 0x00, 0x27, 0xaa, 0xcb, 0x20, 0x00, 0x01, 0x6c, 0xee, 0xb6, 0x10,
        0x00, 0x14, 0x9a, 0x84, 0x10, 0x00, 0x00, 0x00, 0x00, 0x00, 0x00, 0x00, 0x00, 0x00, 0x00,
        0x00, 0x00, 0x00, 0x23, 0x00, 0x00, 0x00,
    ],
    [
        0x00, 0x00, 0x00, 0x00, 0x00, 0x00, 0x00, 0x15, 0x87, 0x41, 0x00, 0x00, 0x00, 0x01, 0x7d,
        0xfd, 0x61, 0x00, 0x00, 0x00, 0x28, 0xab, 0xcb, 0x20, 0x00, 0x01, 0x6c, 0xee, 0xb6, 0x10,
        0x00, 0x14, 0x9b, 0x84, 0x10, 0x00, 0x00, 0x00, 0x00, 0x00, 0x00, 0x00, 0x00, 0x00, 0x00,
        0x00, 0x00, 0x00, 0x23, 0x00, 0x00, 0x00,
    ],
    [
        0x00, 0x00, 0x00, 0x00, 0x00, 0x00, 0x00, 0x15, 0x87, 0x41, 0x00, 0x00, 0x00, 0x01, 0x7d,
        0xfd, 0x61, 0x00, 0x00, 0x00, 0x28, 0xab, 0xcb, 0x20, 0x00, 0x01, 0x6c, 0xee, 0xb6, 0x10,
        0x00, 0x14, 0x9b, 0x95, 0x10, 0x00, 0x00, 0x00, 0x00, 0x00, 0x00, 0x00, 0x00, 0x00, 0x00,
        0x00, 0x00, 0x00, 0x23, 0x00, 0x00, 0x00,
    ],
    [
        0x00, 0x00, 0x00, 0x00, 0x00, 0x00, 0x00, 0x14, 0x77, 0x31, 0x00, 0x00, 0x00, 0x02, 0x8d,
        0xfd, 0x61, 0x00, 0x00, 0x00, 0x28, 0xab, 0xca, 0x10, 0x00, 0x01, 0x6c, 0xde, 0xb6, 0x10,
        0x00, 0x15, 0x9b, 0x95, 0x10, 0x00, 0x00, 0x00, 0x00, 0x00, 0x00, 0x00, 0x00, 0x00, 0x00,
        0x00, 0x00, 0x00, 0x23, 0x00, 0x00, 0x00,
    ],
    [
        0x00, 0x00, 0x00, 0x00, 0x00, 0x00, 0x00, 0x14, 0x76, 0x30, 0x00, 0x00, 0x00, 0x02, 0x8d,
        0xfc, 0x51, 0x00, 0x00, 0x00, 0x28, 0xab, 0xca, 0x10, 0x00, 0x01, 0x5b, 0xde, 0xc7, 0x10,
        0x00, 0x15, 0xac, 0xa6, 0x10, 0x00, 0x00, 0x00, 0x00, 0x00, 0x00, 0x00, 0x00, 0x00, 0x00,
        0x00, 0x00, 0x00, 0x23, 0x00, 0x00, 0x00,
    ],
    [
        0x00, 0x00, 0x00, 0x00, 0x00, 0x00, 0x00, 0x14, 0x65, 0x20, 0x00, 0x00, 0x00, 0x02, 0x8e,
        0xfc, 0x50, 0x00, 0x00, 0x00, 0x28, 0xab, 0xca, 0x10, 0x00, 0x01, 0x5b, 0xde, 0xc7, 0x10,
        0x00, 0x15, 0xac, 0xb6, 0x20, 0x00, 0x00, 0x00, 0x00, 0x00, 0x00, 0x00, 0x00, 0x00, 0x00,
        0x00, 0x00, 0x00, 0x23, 0x00, 0x00, 0x00,
    ],
    [
        0x00, 0x00, 0x00, 0x00, 0x00, 0x00, 0x00, 0x14, 0x65, 0x20, 0x00, 0x00, 0x00, 0x02, 0x8e,
        0xfb, 0x40, 0x00, 0x00, 0x00, 0x28, 0xab, 0xc9, 0x10, 0x00, 0x01, 0x5a, 0xdd, 0xc8, 0x10,
        0x00, 0x14, 0xad, 0xb7, 0x20, 0x00, 0x00, 0x00, 0x00, 0x00, 0x00, 0x00, 0x00, 0x00, 0x00,
        0x00, 0x00, 0x00, 0x23, 0x00, 0x00, 0x00,
    ],
    [
        0x00, 0x00, 0x00, 0x00, 0x00, 0x00, 0x00, 0x13, 0x54, 0x20, 0x00, 0x00, 0x00, 0x02, 0x9e,
        0xfb, 0x40, 0x00, 0x00, 0x00, 0x28, 0xab, 0xc9, 0x10, 0x00, 0x01, 0x4a, 0xdd, 0xc9, 0x20,
        0x00, 0x14, 0xad, 0xc8, 0x30, 0x00, 0x00, 0x00, 0x00, 0x00, 0x00, 0x00, 0x00, 0x00, 0x00,
        0x00, 0x00, 0x00, 0x23, 0x00, 0x00, 0x00,
    ],
    [
        0x00, 0x00, 0x00, 0x00, 0x00, 0x00, 0x00, 0x13, 0x54, 0x10, 0x00, 0x00, 0x00, 0x02, 0x9e,
        0xfb, 0x30, 0x00, 0x00, 0x00, 0x28, 0xac, 0xc8, 0x10, 0x00, 0x01, 0x4a, 0xcd, 0xca, 0x20,
        0x00, 0x14, 0xad, 0xc8, 0x30, 0x00, 0x00, 0x00, 0x00, 0x00, 0x00, 0x00, 0x00, 0x00, 0x00,
        0x00, 0x00, 0x00, 0x23, 0x00, 0x00, 0x00,
    ],
    [
        0x00, 0x00, 0x00, 0x00, 0x00, 0x00, 0x00, 0x13, 0x43, 0x10, 0x00, 0x00, 0x00, 0x02, 0x9e,
        0xfa, 0x30, 0x00, 0x00, 0x00, 0x27, 0xbc, 0xc8, 0x10, 0x00, 0x00, 0x4a, 0xcd, 0xda, 0x30,
        0x00, 0x14, 0xad, 0xd9, 0x41, 0x00, 0x00, 0x00, 0x00, 0x00, 0x00, 0x00, 0x00, 0x00, 0x00,
        0x00, 0x00, 0x00, 0x23, 0x00, 0x00, 0x00,
    ],
    [
        0x00, 0x00, 0x00, 0x00, 0x00, 0x00, 0x00, 0x13, 0x43, 0x10, 0x00, 0x00, 0x00, 0x02, 0x9e,
        0xfa, 0x30, 0x00, 0x00, 0x00, 0x27, 0xbc, 0xc8, 0x10, 0x00, 0x00, 0x4a, 0xcd, 0xda, 0x30,
        0x00, 0x14, 0xad, 0xd9, 0x41, 0x00, 0x00, 0x00, 0x00, 0x00, 0x00, 0x00, 0x00, 0x00, 0x00,
        0x00, 0x00, 0x00, 0x23, 0x00, 0x00, 0x00,
    ],
    [
        0x00, 0x00, 0x00, 0x00, 0x00, 0x00, 0x00, 0x13, 0x54, 0x10, 0x00, 0x00, 0x00, 0x02, 0x9e,
        0xfb, 0x40, 0x00, 0x00, 0x00, 0x27, 0xac, 0xc9, 0x20, 0x00, 0x00, 0x4a, 0xcd, 0xca, 0x30,
        0x00, 0x14, 0x9d, 0xc8, 0x40, 0x00, 0x00, 0x00, 0x00, 0x00, 0x00, 0x00, 0x00, 0x00, 0x00,
        0x00, 0x00, 0x00, 0x23, 0x00, 0x00, 0x00,
    ],
    [
        0x00, 0x00, 0x00, 0x00, 0x00, 0x00, 0x00, 0x13, 0x54, 0x20, 0x00, 0x00, 0x00, 0x02, 0x9e,
        0xfb, 0x40, 0x00, 0x00, 0x00, 0x27, 0xab, 0xc9, 0x20, 0x00, 0x01, 0x4a, 0xdd, 0xc9, 0x30,
        0x00, 0x14, 0x9c, 0xc8, 0x30, 0x00, 0x00, 0x00, 0x00, 0x00, 0x00, 0x00, 0x00, 0x00, 0x00,
        0x00, 0x00, 0x00, 0x23, 0x00, 0x00, 0x00,
    ],
    [
        0x00, 0x00, 0x00, 0x00, 0x00, 0x00, 0x00, 0x14, 0x55, 0x20, 0x00, 0x00, 0x00, 0x02, 0x9e,
        0xfc, 0x51, 0x00, 0x00, 0x00, 0x27, 0xab, 0xca, 0x30, 0x00, 0x01, 0x4a, 0xdd, 0xc8, 0x20,
        0x00, 0x14, 0x9c, 0xb7, 0x20, 0x00, 0x00, 0x00, 0x00, 0x00, 0x00, 0x00, 0x00, 0x00, 0x00,
        0x00, 0x00, 0x00, 0x23, 0x00, 0x00, 0x00,
    ],
    [
        0x00, 0x00, 0x00, 0x00, 0x00, 0x00, 0x00, 0x14, 0x65, 0x30, 0x00, 0x00, 0x00, 0x02, 0x9d,
        0xfd, 0x61, 0x00, 0x00, 0x00, 0x27, 0xab, 0xcb, 0x30, 0x00, 0x01, 0x5b, 0xde, 0xc7, 0x20,
        0x00, 0x14, 0x8b, 0xa6, 0x20, 0x00, 0x00, 0x00, 0x00, 0x00, 0x00, 0x00, 0x00, 0x00, 0x00,
        0x00, 0x00, 0x00, 0x23, 0x00, 0x00, 0x00,
    ],
    [
        0x00, 0x00, 0x00, 0x00, 0x00, 0x00, 0x00, 0x14, 0x66, 0x31, 0x00, 0x00, 0x00, 0x02, 0x8d,
        0xfe, 0x71, 0x00, 0x00, 0x00, 0x27, 0xab, 0xcc, 0x30, 0x00, 0x01, 0x5c, 0xde, 0xc6, 0x10,
        0x00, 0x13, 0x8a, 0x85, 0x10, 0x00, 0x00, 0x00, 0x00, 0x00, 0x00, 0x00, 0x00, 0x00, 0x00,
        0x00, 0x00, 0x00, 0x23, 0x00, 0x00, 0x00,
    ],
    [
        0x00, 0x00, 0x00, 0x00, 0x00, 0x00, 0x00, 0x14, 0x76, 0x41, 0x00, 0x00, 0x00, 0x02, 0x8d,
        0xfe, 0x82, 0x00, 0x00, 0x00, 0x27, 0xab, 0xcc, 0x30, 0x00, 0x01, 0x6c, 0xee, 0xb5, 0x10,
        0x00, 0x13, 0x79, 0x74, 0x10, 0x00, 0x00, 0x00, 0x00, 0x00, 0x00, 0x00, 0x00, 0x00, 0x00,
        0x00, 0x00, 0x00, 0x23, 0x00, 0x00, 0x00,
    ],
    [
        0x00, 0x00, 0x00, 0x00, 0x00, 0x00, 0x00, 0x15, 0x87, 0x41, 0x00, 0x00, 0x00, 0x02, 0x8d,
        0xfe, 0x82, 0x00, 0x00, 0x00, 0x27, 0xab, 0xcc, 0x30, 0x00, 0x01, 0x6c, 0xee, 0xa4, 0x00,
        0x00, 0x13, 0x78, 0x63, 0x00, 0x00, 0x00, 0x00, 0x00, 0x00, 0x00, 0x00, 0x00, 0x00, 0x00,
        0x00, 0x00, 0x00, 0x23, 0x00, 0x00, 0x00,
    ],
    [
        0x00, 0x00, 0x00, 0x00, 0x00, 0x00, 0x00, 0x15, 0x88, 0x51, 0x00, 0x00, 0x00, 0x02, 0x8d,
        0xfe, 0x93, 0x00, 0x00, 0x00, 0x28, 0xab, 0xdc, 0x30, 0x00, 0x01, 0x7d, 0xee, 0xa3, 0x00,
        0x00, 0x13, 0x77, 0x62, 0x00, 0x00, 0x00, 0x00, 0x00, 0x00, 0x00, 0x00, 0x00, 0x00, 0x00,
        0x00, 0x00, 0x00, 0x23, 0x00, 0x00, 0x00,
    ],
    [
        0x00, 0x00, 0x00, 0x00, 0x00, 0x00, 0x00, 0x26, 0x88, 0x41, 0x00, 0x00, 0x00, 0x02, 0x9d,
        0xfe, 0x92, 0x00, 0x00, 0x00, 0x38, 0xab, 0xdc, 0x20, 0x00, 0x01, 0x7d, 0xee, 0x92, 0x00,
        0x00, 0x13, 0x77, 0x52, 0x00, 0x00, 0x00, 0x00, 0x00, 0x00, 0x00, 0x00, 0x00, 0x00, 0x00,
        0x00, 0x00, 0x00, 0x23, 0x00, 0x00, 0x00,
    ],
    [
        0x00, 0x00, 0x00, 0x00, 0x00, 0x00, 0x00, 0x26, 0x87, 0x41, 0x00, 0x00, 0x00, 0x03, 0x9e,
        0xfe, 0x82, 0x00, 0x00, 0x00, 0x38, 0xab, 0xdb, 0x10, 0x00, 0x01, 0x7d, 0xee, 0x92, 0x00,
        0x00, 0x14, 0x78, 0x62, 0x00, 0x00, 0x00, 0x00, 0x00, 0x00, 0x00, 0x00, 0x00, 0x00, 0x00,
        0x00, 0x00, 0x00, 0x23, 0x00, 0x00, 0x00,
    ],
    [
        0x00, 0x00, 0x00, 0x00, 0x00, 0x00, 0x00, 0x26, 0x86, 0x31, 0x00, 0x00, 0x00, 0x03, 0xae,
        0xfd, 0x71, 0x00, 0x00, 0x00, 0x38, 0xab, 0xda, 0x10, 0x00, 0x01, 0x7d, 0xee, 0x92, 0x00,
        0x00, 0x14, 0x89, 0x73, 0x00, 0x00, 0x00, 0x00, 0x00, 0x00, 0x00, 0x00, 0x00, 0x00, 0x00,
        0x00, 0x00, 0x00, 0x23, 0x00, 0x00, 0x00,
    ],
    [
        0x00, 0x00, 0x00, 0x00, 0x00, 0x00, 0x00, 0x26, 0x75, 0x20, 0x00, 0x00, 0x00, 0x14, 0xbe,
        0xfc, 0x51, 0x00, 0x00, 0x00, 0x39, 0xbb, 0xd9, 0x00, 0x00, 0x01, 0x6c, 0xee, 0xa3, 0x00,
        0x00, 0x15, 0x9b, 0x84, 0x00, 0x00, 0x00, 0x00, 0x00, 0x00, 0x00, 0x00, 0x00, 0x00, 0x00,
        0x00, 0x00, 0x00, 0x23, 0x00, 0x00, 0x00,
    ],
    [
        0x00, 0x00, 0x00, 0x00, 0x00, 0x00, 0x00, 0x36, 0x64, 0x10, 0x00, 0x00, 0x00, 0x15, 0xcf,
        0xfa, 0x30, 0x00, 0x00, 0x00, 0x49, 0xbc, 0xc6, 0x00, 0x00, 0x01, 0x6b, 0xdd, 0xb4, 0x00,
        0x00, 0x15, 0xbd, 0xb5, 0x10, 0x00, 0x00, 0x00, 0x00, 0x00, 0x00, 0x00, 0x00, 0x00, 0x00,
        0x00, 0x00, 0x00, 0x23, 0x00, 0x00, 0x00,
    ],
    [
        0x00, 0x00, 0x00, 0x00, 0x00, 0x00, 0x00, 0x35, 0x52, 0x00, 0x00, 0x00, 0x00, 0x16, 0xdf,
        0xe7, 0x10, 0x00, 0x00, 0x00, 0x4a, 0xcd, 0xb3, 0x00, 0x00, 0x01, 0x5a, 0xcc, 0xc5, 0x00,
        0x00, 0x16, 0xcf, 0xd8, 0x20, 0x00, 0x00, 0x00, 0x11, 0x00, 0x00, 0x00, 0x00, 0x00, 0x00,
        0x00, 0x00, 0x00, 0x23, 0x00, 0x00, 0x00,
    ],
    [
        0x00, 0x00, 0x00, 0x00, 0x00, 0x00, 0x00, 0x24, 0x31, 0x00, 0x00, 0x00, 0x00, 0x28, 0xdf,
        0xb3, 0x00, 0x00, 0x00, 0x00, 0x5b, 0xdd, 0x81, 0x00, 0x00, 0x01, 0x59, 0xbb, 0xd5, 0x00,
        0x00, 0x16, 0xdf, 0xfb, 0x40, 0x00, 0x00, 0x01, 0x22, 0x20, 0x00, 0x00, 0x00, 0x00, 0x00,
        0x00, 0x00, 0x00, 0x23, 0x00, 0x00, 0x00,
    ],
    [
        0x00, 0x00, 0x00, 0x00, 0x00, 0x00, 0x00, 0x23, 0x10, 0x00, 0x00, 0x00, 0x00, 0x29, 0xee,
        0x61, 0x00, 0x00, 0x00, 0x01, 0x6c, 0xed, 0x50, 0x00, 0x00, 0x00, 0x49, 0xab, 0xc5, 0x00,
        0x00, 0x16, 0xce, 0xfd, 0x81, 0x00, 0x00, 0x02, 0x45, 0x41, 0x00, 0x00, 0x00, 0x00, 0x00,
        0x00, 0x00, 0x00, 0x23, 0x00, 0x00, 0x00,
    ],
    [
        0x00, 0x00, 0x00, 0x00, 0x00, 0x00, 0x00, 0x11, 0x00, 0x00, 0x00, 0x00, 0x00, 0x39, 0xe9,
        0x30, 0x00, 0x00, 0x00, 0x01, 0x7d, 0xfa, 0x20, 0x00, 0x00, 0x00, 0x49, 0xac, 0xb3, 0x00,
        0x00, 0x15, 0xbe, 0xed, 0xb3, 0x00, 0x00, 0x13, 0x79, 0x74, 0x10, 0x00, 0x00, 0x00, 0x00,
        0x00, 0x00, 0x00, 0x23, 0x00, 0x00, 0x00,
    ],
    [
        0x00, 0x00, 0x00, 0x00, 0x00, 0x00, 0x00, 0x10, 0x00, 0x00, 0x00, 0x00, 0x00, 0x3a, 0xb5,
        0x10, 0x00, 0x00, 0x00, 0x02, 0x9e, 0xf6, 0x00, 0x00, 0x00, 0x00, 0x49, 0xcd, 0x91, 0x00,
        0x00, 0x14, 0x9c, 0xcc, 0xd5, 0x00, 0x00, 0x15, 0x9c, 0xb7, 0x30, 0x00, 0x00, 0x00, 0x00,
        0x00, 0x00, 0x00, 0x23, 0x00, 0x00, 0x00,
    ],
    [
        0x00, 0x00, 0x00, 0x00, 0x00, 0x00, 0x00, 0x00, 0x00, 0x00, 0x00, 0x00, 0x00, 0x39, 0x83,
        0x00, 0x00, 0x00, 0x00, 0x02, 0xbf, 0xb3, 0x00, 0x00, 0x00, 0x00, 0x4a, 0xdd, 0x60, 0x00,
        0x00, 0x13, 0x8b, 0xbb, 0xd5, 0x00, 0x00, 0x16, 0xbf, 0xea, 0x61, 0x00, 0x00, 0x00, 0x00,
        0x10, 0x00, 0x00, 0x23, 0x00, 0x00, 0x00,
    ],
    [
        0x00, 0x00, 0x00, 0x00, 0x00, 0x00, 0x00, 0x00, 0x00, 0x00, 0x00, 0x00, 0x00, 0x48, 0x51,
        0x00, 0x00, 0x00, 0x00, 0x04, 0xcf, 0x81, 0x00, 0x00, 0x00, 0x00, 0x5b, 0xed, 0x30, 0x00,
        0x00, 0x12, 0x7a, 0xbb, 0xc4, 0x00, 0x00, 0x26, 0xdf, 0xfc, 0x83, 0x00, 0x00, 0x00, 0x01,
        0x11, 0x00, 0x00, 0x23, 0x00, 0x00, 0x00,
    ],
    [
        0x00, 0x00, 0x00, 0x00, 0x00, 0x00, 0x00, 0x00, 0x00, 0x00, 0x00, 0x00, 0x00, 0x47, 0x41,
        0x00, 0x00, 0x00, 0x00, 0x04, 0xdf, 0x50, 0x00, 0x00, 0x00, 0x00, 0x5c, 0xfb, 0x20, 0x00,
        0x00, 0x02, 0x6a, 0xbc, 0xb2, 0x00, 0x00, 0x27, 0xdf, 0xfd, 0xa4, 0x00, 0x00, 0x00, 0x12,
        0x21, 0x00, 0x00, 0x23, 0x00, 0x00, 0x00,
    ],
    [
        0x00, 0x00, 0x00, 0x00, 0x00, 0x00, 0x00, 0x00, 0x00, 0x00, 0x00, 0x00, 0x00, 0x47, 0x30,
        0x00, 0x00, 0x00, 0x00, 0x05, 0xdd, 0x40, 0x00, 0x00, 0x00, 0x00, 0x5c, 0xfa, 0x10, 0x00,
        0x00, 0x02, 0x6a, 0xbc, 0xa1, 0x00, 0x00, 0x27, 0xdf, 0xfd, 0xc5, 0x00, 0x00, 0x00, 0x12,
        0x32, 0x10, 0x00, 0x23, 0x00, 0x00, 0x00,
    ],
    [
        0x00, 0x00, 0x00, 0x00, 0x00, 0x00, 0x00, 0x00, 0x00, 0x00, 0x00, 0x00, 0x01, 0x47, 0x30,
        0x00, 0x00, 0x00, 0x00, 0x05, 0xdd, 0x40, 0x00, 0x00, 0x00, 0x00, 0x5c, 0xf9, 0x10, 0x00,
        0x00, 0x02, 0x6a, 0xbd, 0xa1, 0x00, 0x00, 0x16, 0xdf, 0xfd, 0xc5, 0x00, 0x00, 0x00, 0x12,
        0x22, 0x10, 0x00, 0x23, 0x00, 0x00, 0x00,
    ],
    [
        0x00, 0x00, 0x00, 0x00, 0x00, 0x00, 0x00, 0x00, 0x00, 0x00, 0x00, 0x00, 0x01, 0x47, 0x30,
        0x00, 0x00, 0x00, 0x00, 0x05, 0xde, 0x40, 0x00, 0x00, 0x00, 0x00, 0x5c, 0xfa, 0x10, 0x00,
        0x00, 0x13, 0x7a, 0xbd, 0xb1, 0x00, 0x00, 0x16, 0xcf, 0xfd, 0xb4, 0x00, 0x00, 0x00, 0x01,
        0x21, 0x00, 0x00, 0x23, 0x00, 0x00, 0x00,
    ],
    [
        0x00, 0x00, 0x00, 0x00, 0x00, 0x00, 0x00, 0x00, 0x00, 0x00, 0x00, 0x00, 0x01, 0x58, 0x41,
        0x00, 0x00, 0x00, 0x00, 0x05, 0xcf, 0x61, 0x00, 0x00, 0x00, 0x00, 0x5c, 0xec, 0x20, 0x00,
        0x00, 0x14, 0x8b, 0xcd, 0xd2, 0x00, 0x00, 0x14, 0xae, 0xeb, 0x93, 0x00, 0x00, 0x00, 0x00,
        0x10, 0x00, 0x00, 0x23, 0x00, 0x00, 0x00,
    ],
    [
        0x00, 0x00, 0x00, 0x00, 0x00, 0x00, 0x00, 0x00, 0x00, 0x00, 0x00, 0x00, 0x01, 0x59, 0x61,
        0x00, 0x00, 0x00, 0x00, 0x05, 0xcf, 0x92, 0x00, 0x00, 0x00, 0x01, 0x5b, 0xee, 0x40, 0x00,
        0x00, 0x15, 0xbd, 0xde, 0xe3, 0x00, 0x00, 0x03, 0x7a, 0xb8, 0x51, 0x00, 0x00, 0x00, 0x00,
        0x00, 0x00, 0x00, 0x23, 0x00, 0x00, 0x00,
    ],
    [
        0x00, 0x00, 0x00, 0x00, 0x00, 0x00, 0x00, 0x00, 0x00, 0x00, 0x00, 0x00, 0x01, 0x5a, 0x83,
        0x00, 0x00, 0x00, 0x00, 0x04, 0xbf, 0xd4, 0x00, 0x00, 0x00, 0x01, 0x5b, 0xde, 0x80, 0x00,
        0x00, 0x16, 0xce, 0xff, 0xe3, 0x00, 0x00, 0x01, 0x35, 0x54, 0x10, 0x00, 0x00, 0x00, 0x00,
        0x00, 0x00, 0x00, 0x23, 0x00, 0x00, 0x00,
    ],
    [
        0x00, 0x00, 0x00, 0x00, 0x00, 0x00, 0x00, 0x00, 0x00, 0x00, 0x00, 0x00, 0x01, 0x6b, 0x94,
        0x10, 0x00, 0x00, 0x00, 0x05, 0xbf, 0xf7, 0x10, 0x00, 0x00, 0x02, 0x7c, 0xef, 0xd2, 0x00,
        0x00, 0x15, 0xdf, 0xfd, 0x91, 0x00, 0x00, 0x00, 0x11, 0x10, 0x00, 0x00, 0x00, 0x00, 0x00,
        0x00, 0x00, 0x00, 0x23, 0x00, 0x00, 0x00,
    ],
    [
        0x00, 0x00, 0x00, 0x00, 0x00, 0x00, 0x00, 0x00, 0x00, 0x00, 0x00, 0x00, 0x01, 0x6b, 0xa5,
        0x10, 0x00, 0x00, 0x00, 0x05, 0xbf, 0xf9, 0x20, 0x00, 0x00, 0x03, 0xae, 0xff, 0xf3, 0x00,
        0x00, 0x14, 0xac, 0xb7, 0x30, 0x00, 0x00, 0x00, 0x00, 0x00, 0x00, 0x00, 0x00, 0x00, 0x00,
        0x00, 0x00, 0x00, 0x23, 0x00, 0x00, 0x00,
    ],
    [
        0x00, 0x00, 0x00, 0x00, 0x00, 0x00, 0x00, 0x10, 0x00, 0x00, 0x00, 0x00, 0x01, 0x6c, 0xb6,
        0x20, 0x00, 0x00, 0x00, 0x05, 0xcf, 0xfb, 0x40, 0x00, 0x00, 0x05, 0xcf, 0xff, 0xf3, 0x00,
        0x00, 0x13, 0x67, 0x53, 0x10, 0x00, 0x00, 0x00, 0x00, 0x00, 0x00, 0x00, 0x00, 0x00, 0x00,
        0x00, 0x00, 0x00, 0x23, 0x00, 0x00, 0x00,
    ],
    [
        0x00, 0x00, 0x00, 0x00, 0x00, 0x00, 0x00, 0x10, 0x00, 0x00, 0x00, 0x00, 0x01, 0x6c, 0xd8,
        0x30, 0x00, 0x00, 0x00, 0x05, 0xcf, 0xfe, 0x60, 0x00, 0x00, 0x16, 0xdf, 0xff, 0xb2, 0x00,
        0x00, 0x02, 0x33, 0x21, 0x00, 0x00, 0x00, 0x00, 0x00, 0x00, 0x00, 0x00, 0x00, 0x00, 0x00,
        0x00, 0x00, 0x00, 0x23, 0x00, 0x00, 0x00,
    ],
    [
        0x00, 0x00, 0x00, 0x00, 0x00, 0x00, 0x00, 0x11, 0x00, 0x00, 0x00, 0x00, 0x01, 0x6c, 0xea,
        0x41, 0x00, 0x00, 0x00, 0x05, 0xcf, 0xff, 0x81, 0x00, 0x00, 0x16, 0xef, 0xfc, 0x71, 0x00,
        0x00, 0x01, 0x22, 0x10, 0x00, 0x00, 0x00, 0x00, 0x00, 0x00, 0x00, 0x00, 0x00, 0x00, 0x00,
        0x00, 0x00, 0x00, 0x23, 0x00, 0x00, 0x00,
    ],
    [
        0x00, 0x00, 0x00, 0x00, 0x00, 0x00, 0x01, 0x11, 0x00, 0x00, 0x00, 0x00, 0x01, 0x6c, 0xfc,
        0x61, 0x00, 0x00, 0x00, 0x04, 0xcf, 0xff, 0xb1, 0x00, 0x00, 0x16, 0xff, 0xfa, 0x51, 0x00,
        0x00, 0x01, 0x11, 0x00, 0x00, 0x00, 0x00, 0x00, 0x00, 0x00, 0x00, 0x00, 0x00, 0x00, 0x00,
        0x00, 0x00, 0x00, 0x23, 0x00, 0x00, 0x00,
    ],
    [
        0x00, 0x00, 0x00, 0x00, 0x00, 0x00, 0x01, 0x22, 0x10, 0x00, 0x00, 0x00, 0x01, 0x5c, 0xfe,
        0x72, 0x00, 0x00, 0x00, 0x04, 0xcf, 0xff, 0xd2, 0x00, 0x00, 0x16, 0xef, 0xd8, 0x40, 0x00,
        0x00, 0x01, 0x11, 0x00, 0x00, 0x00, 0x00, 0x00, 0x00, 0x00, 0x00, 0x00, 0x00, 0x00, 0x00,
        0x00, 0x00, 0x00, 0x23, 0x00, 0x00, 0x00,
    ],
    [
        0x00, 0x00, 0x00, 0x00, 0x00, 0x00, 0x01, 0x22, 0x10, 0x00, 0x00, 0x00, 0x01, 0x5c, 0xff,
        0x93, 0x00, 0x00, 0x00, 0x04, 0xcf, 0xff, 0xf2, 0x00, 0x00, 0x16, 0xef, 0xd7, 0x30, 0x00,
        0x00, 0x01, 0x11, 0x00, 0x00, 0x00, 0x00, 0x00, 0x00, 0x00, 0x00, 0x00, 0x00, 0x00, 0x00,
        0x00, 0x00, 0x00, 0x23, 0x00, 0x00, 0x00,
    ],
    [
        0x00, 0x00, 0x00, 0x00, 0x00, 0x00, 0x01, 0x22, 0x10, 0x00, 0x00, 0x00, 0x01, 0x4b, 0xff,
        0xa4, 0x10, 0x00, 0x00, 0x03, 0xbf, 0xff, 0xf2, 0x00, 0x00, 0x16, 0xef, 0xd7, 0x30, 0x00,
        0x00, 0x01, 0x11, 0x00, 0x00, 0x00, 0x00, 0x00, 0x00, 0x00, 0x00, 0x00, 0x00, 0x00, 0x00,
        0x00, 0x00, 0x00, 0x23, 0x00, 0x00, 0x00,
    ],
    [
        0x00, 0x00, 0x00, 0x00, 0x00, 0x00, 0x01, 0x23, 0x10, 0x00, 0x00, 0x00, 0x00, 0x4b, 0xff,
        0xb4, 0x10, 0x00, 0x00, 0x03, 0xaf, 0xff, 0xf3, 0x00, 0x00, 0x05, 0xdf, 0xe8, 0x30, 0x00,
        0x00, 0x01, 0x11, 0x00, 0x00, 0x00, 0x00, 0x00, 0x00, 0x00, 0x00, 0x00, 0x00, 0x00, 0x00,
        0x00, 0x00, 0x00, 0x23, 0x00, 0x00, 0x00,
    ],
    [
        0x00, 0x00, 0x00, 0x00, 0x00, 0x00, 0x00, 0x22, 0x20, 0x00, 0x00, 0x00, 0x00, 0x3a, 0xff,
        0xb5, 0x10, 0x00, 0x00, 0x02, 0x8f, 0xff, 0xf4, 0x00, 0x00, 0x04, 0xdf, 0xf9, 0x40, 0x00,
        0x00, 0x01, 0x21, 0x10, 0x00, 0x00, 0x00, 0x00, 0x00, 0x00, 0x00, 0x00, 0x00, 0x00, 0x00,
        0x00, 0x00, 0x00, 0x23, 0x00, 0x00, 0x00,
    ],
    [
        0x00, 0x00, 0x00, 0x00, 0x00, 0x00, 0x00, 0x12, 0x10, 0x00, 0x00, 0x00, 0x00, 0x39, 0xff,
        0xb4, 0x10, 0x00, 0x00, 0x01, 0x7e, 0xff, 0xf5, 0x00, 0x00, 0x04, 0xcf, 0xfb, 0x51, 0x00,
        0x00, 0x02, 0x32, 0x10, 0x00, 0x00, 0x00, 0x00, 0x00, 0x00, 0x00, 0x00, 0x00, 0x00, 0x00,
        0x00, 0x00, 0x00, 0x23, 0x00, 0x00, 0x00,
    ],
    [
        0x00, 0x00, 0x00, 0x00, 0x00, 0x00, 0x00, 0x12, 0x10, 0x00, 0x00, 0x00, 0x00, 0x29, 0xff,
        0xa4, 0x10, 0x00, 0x00, 0x01, 0x7d, 0xff, 0xf6, 0x00, 0x00, 0x03, 0xbf, 0xfe, 0x72, 0x00,
        0x00, 0x02, 0x33, 0x21, 0x00, 0x00, 0x00, 0x00, 0x00, 0x00, 0x00, 0x00, 0x00, 0x00, 0x00,
        0x00, 0x00, 0x00, 0x23, 0x00, 0x00, 0x00,
    ],
    [
        0x00, 0x00, 0x00, 0x00, 0x00, 0x00, 0x00, 0x11, 0x10, 0x00, 0x00, 0x00, 0x00, 0x28, 0xef,
        0x94, 0x10, 0x00, 0x00, 0x01, 0x6d, 0xff, 0xf6, 0x00, 0x00, 0x03, 0xae, 0xff, 0xa3, 0x00,
        0x00, 0x02, 0x44, 0x31, 0x00, 0x00, 0x00, 0x00, 0x00, 0x00, 0x00, 0x00, 0x00, 0x00, 0x00,
        0x00, 0x00, 0x00, 0x23, 0x00, 0x00, 0x00,
    ],
    [
        0x00, 0x00, 0x00, 0x00, 0x00, 0x00, 0x00, 0x11, 0x10, 0x00, 0x00, 0x00, 0x00, 0x27, 0xef,
        0x94, 0x10, 0x00, 0x00, 0x01, 0x6c, 0xff, 0xe6, 0x00, 0x00, 0x02, 0x9e, 0xff, 0xc5, 0x00,
        0x00, 0x02, 0x45, 0x42, 0x00, 0x00, 0x00, 0x00, 0x00, 0x00, 0x00, 0x00, 0x00, 0x00, 0x00,
        0x00, 0x00, 0x00, 0x23, 0x00, 0x00, 0x00,
    ],
    [
        0x00, 0x00, 0x00, 0x00, 0x00, 0x00, 0x00, 0x12, 0x10, 0x00, 0x00, 0x00, 0x00, 0x27, 0xef,
        0xa4, 0x10, 0x00, 0x00, 0x01, 0x5c, 0xff, 0xf6, 0x00, 0x00, 0x02, 0x9e, 0xff, 0xc5, 0x00,
        0x00, 0x02, 0x45, 0x42, 0x00, 0x00, 0x00, 0x00, 0x00, 0x00, 0x00, 0x00, 0x00, 0x00, 0x00,
        0x00, 0x00, 0x00, 0x23, 0x00, 0x00, 0x00,
    ],
    [
        0x00, 0x00, 0x00, 0x00, 0x00, 0x00, 0x00, 0x12, 0x10, 0x00, 0x00, 0x00, 0x00, 0x17, 0xdf,
        0xb4, 0x10, 0x00, 0x00, 0x01, 0x5c, 0xff, 0xf7, 0x00, 0x00, 0x02, 0x9e, 0xff, 0xc6, 0x00,
        0x00, 0x02, 0x45, 0x42, 0x00, 0x00, 0x00, 0x00, 0x00, 0x00, 0x00, 0x00, 0x00, 0x00, 0x00,
        0x00, 0x00, 0x00, 0x23, 0x00, 0x00, 0x00,
    ],
    [
        0x00, 0x00, 0x00, 0x00, 0x00, 0x00, 0x00, 0x12, 0x21, 0x00, 0x00, 0x00, 0x00, 0x16, 0xdf,
        0xc6, 0x10, 0x00, 0x00, 0x01, 0x4b, 0xff, 0xf9, 0x10, 0x00, 0x02, 0x9e, 0xff, 0xc5, 0x00,
        0x00, 0x02, 0x34, 0x32, 0x00, 0x00, 0x00, 0x00, 0x00, 0x00, 0x00, 0x00, 0x00, 0x00, 0x00,
        0x00, 0x00, 0x00, 0x23, 0x00, 0x00, 0x00,
    ],
    [
        0x00, 0x00, 0x00, 0x00, 0x00, 0x00, 0x00, 0x12, 0x21, 0x00, 0x00, 0x00, 0x00, 0x16, 0xcf,
        0xe7, 0x20, 0x00, 0x00, 0x00, 0x4b, 0xff, 0xfb, 0x10, 0x00, 0x02, 0x9e, 0xff, 0xa4, 0x00,
        0x00, 0x01, 0x33, 0x31, 0x00, 0x00, 0x00, 0x00, 0x00, 0x00, 0x00, 0x00, 0x00, 0x00, 0x00,
        0x00, 0x00, 0x00, 0x23, 0x00, 0x00, 0x00,
    ],
    [
        0x00, 0x00, 0x00, 0x00, 0x00, 0x00, 0x00, 0x12, 0x21, 0x00, 0x00, 0x00, 0x00, 0x16, 0xcf,
        0xf8, 0x30, 0x00, 0x00, 0x00, 0x4b, 0xff, 0xfd, 0x20, 0x00, 0x02, 0x9f, 0xff, 0xa4, 0x00,
        0x00, 0x01, 0x23, 0x21, 0x00, 0x00, 0x00, 0x00, 0x00, 0x00, 0x00, 0x00, 0x00, 0x00, 0x00,
        0x00, 0x00, 0x00, 0x23, 0x00, 0x00, 0x00,
    ],
    [
        0x00, 0x00, 0x00, 0x00, 0x00, 0x00, 0x00, 0x12, 0x21, 0x00, 0x00, 0x00, 0x00, 0x15, 0xcf,
        0xfa, 0x41, 0x00, 0x00, 0x00, 0x4b, 0xff, 0xff, 0x20, 0x00, 0x02, 0x9f, 0xfe, 0x83, 0x00,
        0x00, 0x01, 0x22, 0x11, 0x00, 0x00, 0x00, 0x00, 0x00, 0x00, 0x00, 0x00, 0x00, 0x00, 0x00,
        0x00, 0x00, 0x00, 0x23, 0x00, 0x00, 0x00,
    ],
    [
        0x00, 0x00, 0x00, 0x00, 0x00, 0x00, 0x00, 0x12, 0x32, 0x10, 0x00, 0x00, 0x00, 0x15, 0xcf,
        0xfb, 0x51, 0x00, 0x00, 0x01, 0x4b, 0xff, 0xff, 0x30, 0x00, 0x02, 0x9f, 0xfd, 0x72, 0x00,
        0x00, 0x01, 0x11, 0x10, 0x00, 0x00, 0x00, 0x00, 0x00, 0x00, 0x00, 0x00, 0x00, 0x00, 0x00,
        0x00, 0x00, 0x00, 0x23, 0x00, 0x00, 0x00,
    ],
    [
        0x00, 0x00, 0x00, 0x00, 0x00, 0x00, 0x00, 0x12, 0x22, 0x10, 0x00, 0x00, 0x00, 0x15, 0xcf,
        0xfb, 0x51, 0x00, 0x00, 0x01, 0x4b, 0xff, 0xff, 0x30, 0x00, 0x02, 0x9f, 0xfc, 0x62, 0x00,
        0x00, 0x01, 0x11, 0x10, 0x00, 0x00, 0x00, 0x00, 0x00, 0x00, 0x00, 0x00, 0x00, 0x00, 0x00,
        0x00, 0x00, 0x00, 0x23, 0x00, 0x00, 0x00,
    ],
    [
        0x00, 0x00, 0x00, 0x00, 0x00, 0x00, 0x00, 0x12, 0x22, 0x10, 0x00, 0x00, 0x00, 0x15, 0xbf,
        0xfb, 0x52, 0x00, 0x00, 0x01, 0x5b, 0xff, 0xff, 0x40, 0x00, 0x02, 0x9f, 0xfb, 0x62, 0x00,
        0x00, 0x01, 0x11, 0x10, 0x00, 0x00, 0x00, 0x00, 0x00, 0x00, 0x00, 0x00, 0x00, 0x00, 0x00,
        0x00, 0x00, 0x00, 0x23, 0x00, 0x00, 0x00,
    ],
    [
        0x00, 0x00, 0x00, 0x00, 0x00, 0x00, 0x00, 0x12, 0x32, 0x10, 0x00, 0x00, 0x00, 0x14, 0xbe,
        0xfd, 0x83, 0x10, 0x00, 0x01, 0x4b, 0xff, 0xff, 0x50, 0x00, 0x02, 0x8e, 0xeb, 0x62, 0x00,
        0x00, 0x00, 0x11, 0x00, 0x00, 0x00, 0x00, 0x00, 0x00, 0x00, 0x00, 0x00, 0x00, 0x00, 0x00,
        0x00, 0x00, 0x00, 0x23, 0x00, 0x00, 0x00,
    ],
    [
        0x00, 0x00, 0x00, 0x00, 0x00, 0x00, 0x00, 0x12, 0x33, 0x21, 0x00, 0x00, 0x00, 0x04, 0xae,
        0xfe, 0x94, 0x10, 0x00, 0x00, 0x4a, 0xef, 0xff, 0x70, 0x00, 0x02, 0x8e, 0xeb, 0x72, 0x00,
        0x00, 0x00, 0x11, 0x00, 0x00, 0x00, 0x00, 0x00, 0x00, 0x00, 0x00, 0x00, 0x00, 0x00, 0x00,
        0x00, 0x00, 0x00, 0x23, 0x00, 0x00, 0x00,
    ],
    [
        0x00, 0x00, 0x00, 0x00, 0x00, 0x00, 0x00, 0x02, 0x33, 0x21, 0x00, 0x00, 0x00, 0x03, 0x9e,
        0xff, 0xa5, 0x10, 0x00, 0x00, 0x39, 0xef, 0xff, 0x80, 0x00, 0x02, 0x7e, 0xfc, 0x82, 0x00,
        0x00, 0x01, 0x11, 0x10, 0x00, 0x00, 0x00, 0x00, 0x00, 0x00, 0x00, 0x00, 0x00, 0x00, 0x00,
        0x00, 0x00, 0x00, 0x23, 0x00, 0x00, 0x00,
    ],
    [
        0x00, 0x00, 0x00, 0x00, 0x00, 0x00, 0x00, 0x02, 0x33, 0x21, 0x00, 0x00, 0x00, 0x03, 0x9e,
        0xff, 0xa5, 0x10, 0x00, 0x00, 0x39, 0xde, 0xff, 0x91, 0x00, 0x02, 0x7e, 0xfe, 0x93, 0x00,
        0x00, 0x01, 0x22, 0x10, 0x00, 0x00, 0x00, 0x00, 0x00, 0x00, 0x00, 0x00, 0x00, 0x00, 0x00,
        0x00, 0x00, 0x00, 0x23, 0x00, 0x00, 0x00,
    ],
    [
        0x00, 0x00, 0x00, 0x00, 0x00, 0x00, 0x00, 0x02, 0x33, 0x21, 0x00, 0x00, 0x00, 0x02, 0x8e,
        0xfe, 0x94, 0x10, 0x00, 0x00, 0x28, 0xce, 0xff, 0x91, 0x00, 0x02, 0x7e, 0xff, 0xa4, 0x10,
        0x00, 0x01, 0x23, 0x21, 0x00, 0x00, 0x00, 0x00, 0x00, 0x00, 0x00, 0x00, 0x00, 0x00, 0x00,
        0x00, 0x00, 0x00, 0x23, 0x00, 0x00, 0x00,
    ],
    [
        0x00, 0x00, 0x00, 0x00, 0x00, 0x00, 0x00, 0x02, 0x44, 0x21, 0x00, 0x00, 0x00, 0x02, 0x8e,
        0xfe, 0x93, 0x00, 0x00, 0x00, 0x27, 0xbd, 0xff, 0x91, 0x00, 0x01, 0x7d, 0xff, 0xb5, 0x10,
        0x00, 0x01, 0x34, 0x32, 0x00, 0x00, 0x00, 0x00, 0x00, 0x00, 0x00, 0x00, 0x00, 0x00, 0x00,
        0x00, 0x00, 0x00, 0x23, 0x00, 0x00, 0x00,
    ],
    [
        0x00, 0x00, 0x00, 0x00, 0x00, 0x00, 0x00, 0x02, 0x44, 0x21, 0x00, 0x00, 0x00, 0x02, 0x8d,
        0xfe, 0x93, 0x00, 0x00, 0x00, 0x27, 0xbc, 0xee, 0x81, 0x00, 0x01, 0x6d, 0xff, 0xc6, 0x20,
        0x00, 0x02, 0x45, 0x43, 0x10, 0x00, 0x00, 0x00, 0x00, 0x00, 0x00, 0x00, 0x00, 0x00, 0x00,
        0x00, 0x00, 0x00, 0x23, 0x00, 0x00, 0x00,
    ],
];
